-- phpMyAdmin SQL Dump
-- version 4.5.1
-- http://www.phpmyadmin.net
--
-- Host: 127.0.0.1
-- Generation Time: Dec 18, 2018 at 03:13 PM
-- Server version: 10.1.16-MariaDB
-- PHP Version: 7.0.9

SET SQL_MODE = "NO_AUTO_VALUE_ON_ZERO";
SET time_zone = "+00:00";


/*!40101 SET @OLD_CHARACTER_SET_CLIENT=@@CHARACTER_SET_CLIENT */;
/*!40101 SET @OLD_CHARACTER_SET_RESULTS=@@CHARACTER_SET_RESULTS */;
/*!40101 SET @OLD_COLLATION_CONNECTION=@@COLLATION_CONNECTION */;
/*!40101 SET NAMES utf8mb4 */;

--
-- Database: `lplpo`
--

-- --------------------------------------------------------

--
-- Table structure for table `admin`
--

CREATE TABLE `admin` (
  `username` varchar(20) NOT NULL,
  `password` varchar(20) NOT NULL
) ENGINE=InnoDB DEFAULT CHARSET=latin1;

--
-- Dumping data for table `admin`
--

INSERT INTO `admin` (`username`, `password`) VALUES
('admin', 'admin');

-- --------------------------------------------------------

--
-- Table structure for table `detail_pemakaian`
--

CREATE TABLE `detail_pemakaian` (
  `id_pakai` int(5) NOT NULL,
  `id_pemakaian` int(5) NOT NULL,
  `kode` int(5) NOT NULL,
  `umum` int(10) NOT NULL,
  `jknpbi` int(10) NOT NULL,
  `jknnonpbi` int(10) NOT NULL,
  `jamkesda` int(10) NOT NULL,
  `jamkesdasktm` int(10) NOT NULL,
  `jamkesdajamkesmas` int(10) NOT NULL,
  `uks` int(10) NOT NULL,
  `kir` int(10) NOT NULL,
  `gratis` int(10) NOT NULL,
  `lainlain` int(10) NOT NULL,
  `jumlah_pemakaian` int(10) NOT NULL
) ENGINE=InnoDB DEFAULT CHARSET=latin1;

--
-- Dumping data for table `detail_pemakaian`
--

INSERT INTO `detail_pemakaian` (`id_pakai`, `id_pemakaian`, `kode`, `umum`, `jknpbi`, `jknnonpbi`, `jamkesda`, `jamkesdasktm`, `jamkesdajamkesmas`, `uks`, `kir`, `gratis`, `lainlain`, `jumlah_pemakaian`) VALUES
(1, 1, 101, 0, 10, 0, 0, 1, 0, 0, 0, 0, 0, 11),
(2, 1, 102, 0, 14, 0, 0, 1, 0, 0, 0, 0, 0, 15),
(3, 1, 103, 14, 0, 2, 0, 0, 0, 0, 0, 0, 0, 16),
(4, 1, 104, 10, 0, 0, 0, 0, 0, 0, 0, 0, 0, 10),
(5, 1, 106, 0, 0, 0, 0, 0, 0, 0, 0, 0, 0, 0),
(6, 1, 107, 0, 0, 0, 0, 0, 0, 0, 0, 0, 0, 0),
(7, 1, 108, 3, 10, 0, 0, 0, 0, 0, 0, 0, 0, 13),
(8, 1, 109, 0, 0, 0, 0, 0, 0, 0, 0, 0, 0, 0),
(9, 1, 110, 0, 0, 0, 0, 0, 0, 0, 0, 0, 0, 0),
(10, 1, 111, 90, 206, 30, 0, 0, 0, 0, 0, 0, 0, 326),
(11, 2, 101, 0, 10, 0, 0, 1, 0, 0, 0, 0, 0, 11),
(12, 2, 102, 0, 14, 0, 0, 1, 0, 0, 0, 0, 0, 15),
(13, 2, 103, 14, 0, 2, 0, 0, 0, 0, 0, 0, 0, 16),
(14, 2, 104, 10, 0, 0, 0, 0, 0, 0, 0, 0, 0, 10),
(15, 2, 106, 0, 0, 0, 0, 0, 0, 0, 0, 0, 0, 0),
(16, 2, 107, 0, 0, 0, 0, 0, 0, 0, 0, 0, 0, 0),
(17, 2, 108, 3, 10, 0, 0, 0, 0, 0, 0, 0, 0, 13),
(18, 2, 109, 0, 0, 0, 0, 0, 0, 0, 0, 0, 0, 0),
(19, 2, 110, 0, 0, 0, 0, 0, 0, 0, 0, 0, 0, 0),
(20, 2, 111, 90, 206, 30, 0, 0, 0, 0, 0, 0, 0, 326),
(21, 3, 101, 0, 10, 0, 0, 1, 0, 0, 0, 0, 0, 11),
(22, 3, 102, 0, 14, 0, 0, 1, 0, 0, 0, 0, 0, 15),
(23, 3, 103, 14, 0, 2, 0, 0, 0, 0, 0, 0, 0, 16),
(24, 3, 104, 10, 0, 0, 0, 0, 0, 0, 0, 0, 0, 10),
(25, 3, 106, 0, 0, 0, 0, 0, 0, 0, 0, 0, 0, 0),
(26, 3, 107, 0, 0, 0, 0, 0, 0, 0, 0, 0, 0, 0),
(27, 3, 108, 3, 10, 0, 0, 0, 0, 0, 0, 0, 0, 13),
(28, 3, 109, 0, 0, 0, 0, 0, 0, 0, 0, 0, 0, 0),
(29, 3, 110, 0, 0, 0, 0, 0, 0, 0, 0, 0, 0, 0),
(30, 3, 111, 90, 206, 30, 0, 0, 0, 0, 0, 0, 0, 326),
(31, 10, 101, 0, 10, 0, 0, 1, 0, 0, 0, 0, 0, 11),
(32, 10, 102, 0, 14, 0, 0, 1, 0, 0, 0, 0, 0, 15),
(33, 10, 103, 14, 0, 2, 0, 0, 0, 0, 0, 0, 0, 16),
(34, 10, 104, 10, 0, 0, 0, 0, 0, 0, 0, 0, 0, 10),
(35, 10, 106, 0, 0, 0, 0, 0, 0, 0, 0, 0, 0, 0),
(36, 10, 107, 0, 0, 0, 0, 0, 0, 0, 0, 0, 0, 0),
(37, 10, 108, 3, 10, 0, 0, 0, 0, 0, 0, 0, 0, 13),
(38, 10, 109, 0, 0, 0, 0, 0, 0, 0, 0, 0, 0, 0),
(39, 10, 110, 0, 0, 0, 0, 0, 0, 0, 0, 0, 0, 0),
(40, 10, 111, 90, 206, 30, 0, 0, 0, 0, 0, 0, 0, 326),
(41, 12, 101, 0, 10, 0, 0, 1, 0, 0, 0, 0, 0, 11),
(42, 12, 102, 0, 14, 0, 0, 1, 0, 0, 0, 0, 0, 15),
(43, 12, 103, 14, 0, 2, 0, 0, 0, 0, 0, 0, 0, 16),
(44, 12, 104, 10, 0, 0, 0, 0, 0, 0, 0, 0, 0, 10),
(45, 12, 106, 0, 0, 0, 0, 0, 0, 0, 0, 0, 0, 0),
(46, 12, 107, 0, 0, 0, 0, 0, 0, 0, 0, 0, 0, 0),
(47, 12, 108, 3, 10, 0, 0, 0, 0, 0, 0, 0, 0, 13),
(48, 12, 109, 0, 0, 0, 0, 0, 0, 0, 0, 0, 0, 0),
(49, 12, 110, 0, 0, 0, 0, 0, 0, 0, 0, 0, 0, 0),
(50, 12, 111, 90, 206, 30, 0, 0, 0, 0, 0, 0, 0, 326),
(51, 13, 101, 0, 10, 0, 0, 1, 0, 0, 0, 0, 0, 11),
(52, 13, 102, 0, 14, 0, 0, 1, 0, 0, 0, 0, 0, 15),
(53, 13, 103, 14, 0, 2, 0, 0, 0, 0, 0, 0, 0, 16),
(54, 13, 104, 10, 0, 0, 0, 0, 0, 0, 0, 0, 0, 10),
(55, 13, 106, 0, 0, 0, 0, 0, 0, 0, 0, 0, 0, 0),
(56, 13, 107, 0, 0, 0, 0, 0, 0, 0, 0, 0, 0, 0),
(57, 13, 108, 3, 10, 0, 0, 0, 0, 0, 0, 0, 0, 13),
(58, 13, 109, 0, 0, 0, 0, 0, 0, 0, 0, 0, 0, 0),
(59, 13, 110, 0, 0, 0, 0, 0, 0, 0, 0, 0, 0, 0),
(60, 13, 111, 90, 206, 30, 0, 0, 0, 0, 0, 0, 0, 326),
(61, 14, 101, 0, 10, 0, 0, 1, 0, 0, 0, 0, 0, 11),
(62, 14, 102, 0, 14, 0, 0, 1, 0, 0, 0, 0, 0, 15),
(63, 14, 103, 14, 0, 2, 0, 0, 0, 0, 0, 0, 0, 16),
(64, 14, 104, 10, 0, 0, 0, 0, 0, 0, 0, 0, 0, 10),
(65, 14, 106, 0, 0, 0, 0, 0, 0, 0, 0, 0, 0, 0),
(66, 14, 107, 0, 0, 0, 0, 0, 0, 0, 0, 0, 0, 0),
(67, 14, 108, 3, 10, 0, 0, 0, 0, 0, 0, 0, 0, 13),
(68, 14, 109, 0, 0, 0, 0, 0, 0, 0, 0, 0, 0, 0),
(69, 14, 110, 0, 0, 0, 0, 0, 0, 0, 0, 0, 0, 0),
(70, 14, 111, 90, 206, 30, 0, 0, 0, 0, 0, 0, 0, 326),
(71, 15, 101, 0, 10, 0, 0, 1, 0, 0, 0, 0, 0, 11),
(72, 15, 102, 0, 14, 0, 0, 1, 0, 0, 0, 0, 0, 15),
(73, 15, 103, 14, 0, 2, 0, 0, 0, 0, 0, 0, 0, 16),
(74, 15, 104, 10, 0, 0, 0, 0, 0, 0, 0, 0, 0, 10),
(75, 15, 106, 0, 0, 0, 0, 0, 0, 0, 0, 0, 0, 0),
(76, 15, 107, 0, 0, 0, 0, 0, 0, 0, 0, 0, 0, 0),
(77, 15, 108, 3, 10, 0, 0, 0, 0, 0, 0, 0, 0, 13),
(78, 15, 109, 0, 0, 0, 0, 0, 0, 0, 0, 0, 0, 0),
(79, 15, 110, 0, 0, 0, 0, 0, 0, 0, 0, 0, 0, 0),
(80, 15, 111, 90, 206, 30, 0, 0, 0, 0, 0, 0, 0, 326),
(81, 16, 101, 0, 10, 0, 0, 1, 0, 0, 0, 0, 0, 11),
(82, 16, 102, 0, 14, 0, 0, 1, 0, 0, 0, 0, 0, 15),
(83, 16, 103, 14, 0, 2, 0, 0, 0, 0, 0, 0, 0, 16),
(84, 16, 104, 10, 0, 0, 0, 0, 0, 0, 0, 0, 0, 10),
(85, 16, 106, 0, 0, 0, 0, 0, 0, 0, 0, 0, 0, 0),
(86, 16, 107, 0, 0, 0, 0, 0, 0, 0, 0, 0, 0, 0),
(87, 16, 108, 3, 10, 0, 0, 0, 0, 0, 0, 0, 0, 13),
(88, 16, 109, 0, 0, 0, 0, 0, 0, 0, 0, 0, 0, 0),
(89, 16, 110, 0, 0, 0, 0, 0, 0, 0, 0, 0, 0, 0),
(90, 16, 111, 90, 206, 30, 0, 0, 0, 0, 0, 0, 0, 326),
(91, 17, 101, 0, 10, 0, 0, 1, 0, 0, 0, 0, 0, 11),
(92, 17, 102, 0, 14, 0, 0, 1, 0, 0, 0, 0, 0, 15),
(93, 17, 103, 14, 0, 2, 0, 0, 0, 0, 0, 0, 0, 16),
(94, 17, 104, 10, 0, 0, 0, 0, 0, 0, 0, 0, 0, 10),
(95, 17, 106, 0, 0, 0, 0, 0, 0, 0, 0, 0, 0, 0),
(96, 17, 107, 0, 0, 0, 0, 0, 0, 0, 0, 0, 0, 0),
(97, 17, 108, 3, 10, 0, 0, 0, 0, 0, 0, 0, 0, 13),
(98, 17, 109, 0, 0, 0, 0, 0, 0, 0, 0, 0, 0, 0),
(99, 17, 110, 0, 0, 0, 0, 0, 0, 0, 0, 0, 0, 0),
(100, 17, 111, 90, 206, 30, 0, 0, 0, 0, 0, 0, 0, 326),
(101, 18, 101, 0, 10, 0, 0, 1, 0, 0, 0, 0, 0, 11),
(102, 18, 102, 0, 14, 0, 0, 1, 0, 0, 0, 0, 0, 15),
(103, 18, 103, 14, 0, 2, 0, 0, 0, 0, 0, 0, 0, 16),
(104, 18, 104, 10, 0, 0, 0, 0, 0, 0, 0, 0, 0, 10),
(105, 18, 106, 0, 0, 0, 0, 0, 0, 0, 0, 0, 0, 0),
(106, 18, 107, 0, 0, 0, 0, 0, 0, 0, 0, 0, 0, 0),
(107, 18, 108, 3, 10, 0, 0, 0, 0, 0, 0, 0, 0, 13),
(108, 18, 109, 0, 0, 0, 0, 0, 0, 0, 0, 0, 0, 0),
(109, 18, 110, 0, 0, 0, 0, 0, 0, 0, 0, 0, 0, 0),
(110, 18, 111, 90, 206, 30, 0, 0, 0, 0, 0, 0, 0, 326),
(111, 19, 101, 0, 10, 0, 0, 1, 0, 0, 0, 0, 0, 11),
(112, 19, 102, 0, 14, 0, 0, 1, 0, 0, 0, 0, 0, 15),
(113, 19, 103, 14, 0, 2, 0, 0, 0, 0, 0, 0, 0, 16),
(114, 19, 104, 10, 0, 0, 0, 0, 0, 0, 0, 0, 0, 10),
(115, 19, 106, 0, 0, 0, 0, 0, 0, 0, 0, 0, 0, 0),
(116, 19, 107, 0, 0, 0, 0, 0, 0, 0, 0, 0, 0, 0),
(117, 19, 108, 3, 10, 0, 0, 0, 0, 0, 0, 0, 0, 13),
(118, 19, 109, 0, 0, 0, 0, 0, 0, 0, 0, 0, 0, 0),
(119, 19, 110, 0, 0, 0, 0, 0, 0, 0, 0, 0, 0, 0),
(120, 19, 111, 90, 206, 30, 0, 0, 0, 0, 0, 0, 0, 326),
(121, 20, 101, 0, 10, 0, 0, 1, 0, 0, 0, 0, 0, 11),
(122, 20, 102, 0, 14, 0, 0, 1, 0, 0, 0, 0, 0, 15),
(123, 20, 103, 14, 0, 2, 0, 0, 0, 0, 0, 0, 0, 16),
(124, 20, 104, 10, 0, 0, 0, 0, 0, 0, 0, 0, 0, 10),
(125, 20, 106, 0, 0, 0, 0, 0, 0, 0, 0, 0, 0, 0),
(126, 20, 107, 0, 0, 0, 0, 0, 0, 0, 0, 0, 0, 0),
(127, 20, 108, 3, 10, 0, 0, 0, 0, 0, 0, 0, 0, 13),
(128, 20, 109, 0, 0, 0, 0, 0, 0, 0, 0, 0, 0, 0),
(129, 20, 110, 0, 0, 0, 0, 0, 0, 0, 0, 0, 0, 0),
(130, 20, 111, 90, 206, 30, 0, 0, 0, 0, 0, 0, 0, 326),
(131, 21, 101, 0, 10, 0, 0, 1, 0, 0, 0, 0, 0, 11),
(132, 21, 102, 0, 14, 0, 0, 1, 0, 0, 0, 0, 0, 15),
(133, 21, 103, 14, 0, 2, 0, 0, 0, 0, 0, 0, 0, 16),
(134, 21, 104, 10, 0, 0, 0, 0, 0, 0, 0, 0, 0, 10),
(135, 21, 106, 0, 0, 0, 0, 0, 0, 0, 0, 0, 0, 0),
(136, 21, 107, 0, 0, 0, 0, 0, 0, 0, 0, 0, 0, 0),
(137, 21, 108, 3, 10, 0, 0, 0, 0, 0, 0, 0, 0, 13),
(138, 21, 109, 0, 0, 0, 0, 0, 0, 0, 0, 0, 0, 0),
(139, 21, 110, 0, 0, 0, 0, 0, 0, 0, 0, 0, 0, 0),
(140, 21, 111, 90, 206, 30, 0, 0, 0, 0, 0, 0, 0, 326),
(141, 25, 101, 0, 10, 0, 0, 1, 0, 0, 0, 0, 0, 11),
(142, 25, 102, 0, 14, 0, 0, 1, 0, 0, 0, 0, 0, 15),
(143, 25, 103, 14, 0, 2, 0, 0, 0, 0, 0, 0, 0, 16),
(144, 25, 104, 10, 0, 0, 0, 0, 0, 0, 0, 0, 0, 10),
(145, 25, 106, 0, 0, 0, 0, 0, 0, 0, 0, 0, 0, 0),
(146, 25, 107, 0, 0, 0, 0, 0, 0, 0, 0, 0, 0, 0),
(147, 25, 108, 3, 10, 0, 0, 0, 0, 0, 0, 0, 0, 13),
(148, 25, 109, 0, 0, 0, 0, 0, 0, 0, 0, 0, 0, 0),
(149, 25, 110, 0, 0, 0, 0, 0, 0, 0, 0, 0, 0, 0),
(150, 25, 111, 90, 206, 30, 0, 0, 0, 0, 0, 0, 0, 326),
(151, 34, 101, 0, 10, 0, 0, 1, 0, 0, 0, 0, 0, 11),
(152, 34, 102, 0, 14, 0, 0, 1, 0, 0, 0, 0, 0, 15),
(153, 34, 103, 14, 0, 2, 0, 0, 0, 0, 0, 0, 0, 16),
(154, 34, 104, 10, 0, 0, 0, 0, 0, 0, 0, 0, 0, 10),
(155, 34, 106, 0, 0, 0, 0, 0, 0, 0, 0, 0, 0, 0),
(156, 34, 107, 0, 0, 0, 0, 0, 0, 0, 0, 0, 0, 0),
(157, 34, 108, 3, 10, 0, 0, 0, 0, 0, 0, 0, 0, 13),
(158, 34, 109, 0, 0, 0, 0, 0, 0, 0, 0, 0, 0, 0),
(159, 34, 110, 0, 0, 0, 0, 0, 0, 0, 0, 0, 0, 0),
(160, 34, 111, 90, 206, 30, 0, 0, 0, 0, 0, 0, 0, 326),
(161, 37, 101, 0, 10, 0, 0, 1, 0, 0, 0, 0, 0, 11),
(162, 37, 102, 0, 14, 0, 0, 1, 0, 0, 0, 0, 0, 15),
(163, 37, 103, 14, 0, 2, 0, 0, 0, 0, 0, 0, 0, 16),
(164, 37, 104, 10, 0, 0, 0, 0, 0, 0, 0, 0, 0, 10),
(165, 37, 105, 0, 0, 0, 0, 0, 0, 0, 0, 0, 0, 0),
(166, 37, 106, 0, 0, 0, 0, 0, 0, 0, 0, 0, 0, 0),
(167, 37, 107, 3, 10, 0, 0, 0, 0, 0, 0, 0, 0, 13),
(168, 37, 108, 0, 0, 0, 0, 0, 0, 0, 0, 0, 0, 0),
(169, 37, 109, 0, 0, 0, 0, 0, 0, 0, 0, 0, 0, 0),
(170, 37, 110, 90, 206, 30, 0, 0, 0, 0, 0, 0, 0, 326),
(171, 38, 101, 0, 10, 0, 0, 1, 0, 0, 0, 0, 0, 11),
(172, 38, 102, 0, 14, 0, 0, 1, 0, 0, 0, 0, 0, 15),
(173, 38, 103, 14, 0, 2, 0, 0, 0, 0, 0, 0, 0, 16),
(174, 38, 104, 10, 0, 0, 0, 0, 0, 0, 0, 0, 0, 10),
(175, 38, 105, 0, 0, 0, 0, 0, 0, 0, 0, 0, 0, 0),
(176, 38, 106, 0, 0, 0, 0, 0, 0, 0, 0, 0, 0, 0),
(177, 38, 107, 3, 10, 0, 0, 0, 0, 0, 0, 0, 0, 13),
(178, 38, 108, 0, 0, 0, 0, 0, 0, 0, 0, 0, 0, 0),
(179, 38, 109, 0, 0, 0, 0, 0, 0, 0, 0, 0, 0, 0),
(180, 38, 110, 90, 206, 30, 0, 0, 0, 0, 0, 0, 0, 326),
(181, 39, 101, 0, 10, 0, 0, 1, 0, 0, 0, 0, 0, 11),
(182, 39, 102, 0, 14, 0, 0, 1, 0, 0, 0, 0, 0, 15),
(183, 39, 103, 14, 0, 2, 0, 0, 0, 0, 0, 0, 0, 16),
(184, 39, 104, 10, 0, 0, 0, 0, 0, 0, 0, 0, 0, 10),
(185, 39, 105, 0, 0, 0, 0, 0, 0, 0, 0, 0, 0, 0),
(186, 39, 106, 0, 0, 0, 0, 0, 0, 0, 0, 0, 0, 0),
(187, 39, 107, 3, 10, 0, 0, 0, 0, 0, 0, 0, 0, 13),
(188, 39, 108, 0, 0, 0, 0, 0, 0, 0, 0, 0, 0, 0),
(189, 39, 109, 0, 0, 0, 0, 0, 0, 0, 0, 0, 0, 0),
(190, 39, 110, 90, 206, 30, 0, 0, 0, 0, 0, 0, 0, 326),
(191, 40, 101, 0, 10, 0, 0, 1, 0, 0, 0, 0, 0, 11),
(192, 40, 102, 0, 14, 0, 0, 1, 0, 0, 0, 0, 0, 15),
(193, 40, 103, 14, 0, 2, 0, 0, 0, 0, 0, 0, 0, 16),
(194, 40, 104, 10, 0, 0, 0, 0, 0, 0, 0, 0, 0, 10),
(195, 40, 105, 0, 0, 0, 0, 0, 0, 0, 0, 0, 0, 0),
(196, 40, 106, 0, 0, 0, 0, 0, 0, 0, 0, 0, 0, 0),
(197, 40, 107, 3, 10, 0, 0, 0, 0, 0, 0, 0, 0, 13),
(198, 40, 108, 0, 0, 0, 0, 0, 0, 0, 0, 0, 0, 0),
(199, 40, 109, 0, 0, 0, 0, 0, 0, 0, 0, 0, 0, 0),
(200, 40, 110, 90, 206, 30, 0, 0, 0, 0, 0, 0, 0, 326),
(201, 41, 101, 0, 10, 0, 0, 1, 0, 0, 0, 0, 0, 11),
(202, 41, 102, 0, 14, 0, 0, 1, 0, 0, 0, 0, 0, 15),
(203, 41, 103, 14, 0, 2, 0, 0, 0, 0, 0, 0, 0, 16),
(204, 41, 104, 10, 0, 0, 0, 0, 0, 0, 0, 0, 0, 10),
(205, 41, 105, 0, 0, 0, 0, 0, 0, 0, 0, 0, 0, 0),
(206, 41, 106, 0, 0, 0, 0, 0, 0, 0, 0, 0, 0, 0),
(207, 41, 107, 3, 10, 0, 0, 0, 0, 0, 0, 0, 0, 13),
(208, 41, 108, 0, 0, 0, 0, 0, 0, 0, 0, 0, 0, 0),
(209, 41, 109, 0, 0, 0, 0, 0, 0, 0, 0, 0, 0, 0),
(210, 41, 110, 90, 206, 30, 0, 0, 0, 0, 0, 0, 0, 326),
(211, 42, 101, 0, 10, 0, 0, 1, 0, 0, 0, 0, 0, 11),
(212, 42, 102, 0, 14, 0, 0, 1, 0, 0, 0, 0, 0, 15),
(213, 42, 103, 14, 0, 2, 0, 0, 0, 0, 0, 0, 0, 16),
(214, 42, 104, 10, 0, 0, 0, 0, 0, 0, 0, 0, 0, 10),
(215, 42, 105, 0, 0, 0, 0, 0, 0, 0, 0, 0, 0, 0),
(216, 42, 106, 0, 0, 0, 0, 0, 0, 0, 0, 0, 0, 0),
(217, 42, 107, 3, 10, 0, 0, 0, 0, 0, 0, 0, 0, 13),
(218, 42, 108, 0, 0, 0, 0, 0, 0, 0, 0, 0, 0, 0),
(219, 42, 109, 0, 0, 0, 0, 0, 0, 0, 0, 0, 0, 0),
(220, 42, 110, 90, 206, 30, 0, 0, 0, 0, 0, 0, 0, 326),
(221, 43, 101, 0, 10, 0, 0, 1, 0, 0, 0, 0, 0, 11),
(222, 43, 102, 0, 14, 0, 0, 1, 0, 0, 0, 0, 0, 15),
(223, 43, 103, 14, 0, 2, 0, 0, 0, 0, 0, 0, 0, 16),
(224, 43, 104, 10, 0, 0, 0, 0, 0, 0, 0, 0, 0, 10),
(225, 43, 105, 0, 0, 0, 0, 0, 0, 0, 0, 0, 0, 0),
(226, 43, 106, 0, 0, 0, 0, 0, 0, 0, 0, 0, 0, 0),
(227, 43, 107, 3, 10, 0, 0, 0, 0, 0, 0, 0, 0, 13),
(228, 43, 108, 0, 0, 0, 0, 0, 0, 0, 0, 0, 0, 0),
(229, 43, 109, 0, 0, 0, 0, 0, 0, 0, 0, 0, 0, 0),
(230, 43, 110, 90, 206, 30, 0, 0, 0, 0, 0, 0, 0, 326),
(231, 44, 101, 0, 10, 0, 0, 1, 0, 0, 0, 0, 0, 11),
(232, 44, 102, 0, 14, 0, 0, 1, 0, 0, 0, 0, 0, 15),
(233, 44, 103, 14, 0, 2, 0, 0, 0, 0, 0, 0, 0, 16),
(234, 44, 104, 10, 0, 0, 0, 0, 0, 0, 0, 0, 0, 10),
(235, 44, 105, 0, 0, 0, 0, 0, 0, 0, 0, 0, 0, 0),
(236, 44, 106, 0, 0, 0, 0, 0, 0, 0, 0, 0, 0, 0),
(237, 44, 107, 3, 10, 0, 0, 0, 0, 0, 0, 0, 0, 13),
(238, 44, 108, 0, 0, 0, 0, 0, 0, 0, 0, 0, 0, 0),
(239, 44, 109, 0, 0, 0, 0, 0, 0, 0, 0, 0, 0, 0),
(240, 44, 110, 90, 206, 30, 0, 0, 0, 0, 0, 0, 0, 326),
(241, 45, 101, 0, 10, 0, 0, 1, 0, 0, 0, 0, 0, 11),
(242, 45, 102, 0, 14, 0, 0, 1, 0, 0, 0, 0, 0, 15),
(243, 45, 103, 14, 0, 2, 0, 0, 0, 0, 0, 0, 0, 16),
(244, 45, 104, 10, 0, 0, 0, 0, 0, 0, 0, 0, 0, 10),
(245, 45, 105, 0, 0, 0, 0, 0, 0, 0, 0, 0, 0, 0),
(246, 45, 106, 0, 0, 0, 0, 0, 0, 0, 0, 0, 0, 0),
(247, 45, 107, 3, 10, 0, 0, 0, 0, 0, 0, 0, 0, 13),
(248, 45, 108, 0, 0, 0, 0, 0, 0, 0, 0, 0, 0, 0),
(249, 45, 109, 0, 0, 0, 0, 0, 0, 0, 0, 0, 0, 0),
(250, 45, 110, 90, 206, 30, 0, 0, 0, 0, 0, 0, 0, 326),
(251, 46, 101, 0, 10, 0, 0, 1, 0, 0, 0, 0, 0, 11),
(252, 46, 102, 0, 14, 0, 0, 1, 0, 0, 0, 0, 0, 15),
(253, 46, 103, 14, 0, 2, 0, 0, 0, 0, 0, 0, 0, 16),
(254, 46, 104, 10, 0, 0, 0, 0, 0, 0, 0, 0, 0, 10),
(255, 46, 105, 0, 0, 0, 0, 0, 0, 0, 0, 0, 0, 0),
(256, 46, 106, 0, 0, 0, 0, 0, 0, 0, 0, 0, 0, 0),
(257, 46, 107, 3, 10, 0, 0, 0, 0, 0, 0, 0, 0, 13),
(258, 46, 108, 0, 0, 0, 0, 0, 0, 0, 0, 0, 0, 0),
(259, 46, 109, 0, 0, 0, 0, 0, 0, 0, 0, 0, 0, 0),
(260, 46, 110, 90, 206, 30, 0, 0, 0, 0, 0, 0, 0, 326),
(261, 47, 101, 0, 10, 0, 0, 1, 0, 0, 0, 0, 0, 11),
(262, 47, 102, 0, 14, 0, 0, 1, 0, 0, 0, 0, 0, 15),
(263, 47, 103, 14, 0, 2, 0, 0, 0, 0, 0, 0, 0, 16),
(264, 47, 104, 10, 0, 0, 0, 0, 0, 0, 0, 0, 0, 10),
(265, 47, 105, 0, 0, 0, 0, 0, 0, 0, 0, 0, 0, 0),
(266, 47, 106, 0, 0, 0, 0, 0, 0, 0, 0, 0, 0, 0),
(267, 47, 107, 3, 10, 0, 0, 0, 0, 0, 0, 0, 0, 13),
(268, 47, 108, 0, 0, 0, 0, 0, 0, 0, 0, 0, 0, 0),
(269, 47, 109, 0, 0, 0, 0, 0, 0, 0, 0, 0, 0, 0),
(270, 47, 110, 90, 206, 30, 0, 0, 0, 0, 0, 0, 0, 326),
(271, 48, 101, 0, 10, 0, 0, 1, 0, 0, 0, 0, 0, 11),
(272, 48, 102, 0, 14, 0, 0, 1, 0, 0, 0, 0, 0, 15),
(273, 48, 103, 14, 0, 2, 0, 0, 0, 0, 0, 0, 0, 16),
(274, 48, 104, 10, 0, 0, 0, 0, 0, 0, 0, 0, 0, 10),
(275, 48, 105, 0, 0, 0, 0, 0, 0, 0, 0, 0, 0, 0),
(276, 48, 106, 0, 0, 0, 0, 0, 0, 0, 0, 0, 0, 0),
(277, 48, 107, 3, 10, 0, 0, 0, 0, 0, 0, 0, 0, 13),
(278, 48, 108, 0, 0, 0, 0, 0, 0, 0, 0, 0, 0, 0),
(279, 48, 109, 0, 0, 0, 0, 0, 0, 0, 0, 0, 0, 0),
(280, 48, 110, 90, 206, 30, 0, 0, 0, 0, 0, 0, 0, 326),
(281, 55, 101, 0, 10, 0, 0, 1, 0, 0, 0, 0, 0, 11),
(282, 55, 102, 0, 14, 0, 0, 1, 0, 0, 0, 0, 0, 15),
(283, 55, 103, 14, 0, 2, 0, 0, 0, 0, 0, 0, 0, 16),
(284, 55, 104, 10, 0, 0, 0, 0, 0, 0, 0, 0, 0, 10),
(285, 55, 105, 0, 0, 0, 0, 0, 0, 0, 0, 0, 0, 0),
(286, 55, 106, 0, 0, 0, 0, 0, 0, 0, 0, 0, 0, 0),
(287, 55, 107, 3, 10, 0, 0, 0, 0, 0, 0, 0, 0, 13),
(288, 55, 108, 0, 0, 0, 0, 0, 0, 0, 0, 0, 0, 0),
(289, 55, 109, 0, 0, 0, 0, 0, 0, 0, 0, 0, 0, 0),
(290, 55, 110, 90, 206, 30, 0, 0, 0, 0, 0, 0, 0, 326),
(291, 56, 101, 0, 10, 0, 0, 1, 0, 0, 0, 0, 0, 11),
(292, 56, 102, 0, 14, 0, 0, 1, 0, 0, 0, 0, 0, 15),
(293, 56, 103, 14, 0, 2, 0, 0, 0, 0, 0, 0, 0, 16),
(294, 56, 104, 10, 0, 0, 0, 0, 0, 0, 0, 0, 0, 10),
(295, 56, 105, 0, 0, 0, 0, 0, 0, 0, 0, 0, 0, 0),
(296, 56, 106, 0, 0, 0, 0, 0, 0, 0, 0, 0, 0, 0),
(297, 56, 107, 3, 10, 0, 0, 0, 0, 0, 0, 0, 0, 13),
(298, 56, 108, 0, 0, 0, 0, 0, 0, 0, 0, 0, 0, 0),
(299, 56, 109, 0, 0, 0, 0, 0, 0, 0, 0, 0, 0, 0),
(300, 56, 110, 90, 206, 30, 0, 0, 0, 0, 0, 0, 0, 326),
(301, 57, 101, 0, 10, 0, 0, 1, 0, 0, 0, 0, 0, 11),
(302, 57, 102, 0, 14, 0, 0, 1, 0, 0, 0, 0, 0, 15),
(303, 57, 103, 14, 0, 2, 0, 0, 0, 0, 0, 0, 0, 16),
(304, 57, 104, 10, 0, 0, 0, 0, 0, 0, 0, 0, 0, 10),
(305, 57, 105, 0, 0, 0, 0, 0, 0, 0, 0, 0, 0, 0),
(306, 57, 106, 0, 0, 0, 0, 0, 0, 0, 0, 0, 0, 0),
(307, 57, 107, 3, 10, 0, 0, 0, 0, 0, 0, 0, 0, 13),
(308, 57, 108, 0, 0, 0, 0, 0, 0, 0, 0, 0, 0, 0),
(309, 57, 109, 0, 0, 0, 0, 0, 0, 0, 0, 0, 0, 0),
(310, 57, 110, 90, 206, 30, 0, 0, 0, 0, 0, 0, 0, 326),
(311, 58, 101, 0, 10, 0, 0, 1, 0, 0, 0, 0, 0, 11),
(312, 58, 102, 0, 14, 0, 0, 1, 0, 0, 0, 0, 0, 15),
(313, 58, 103, 14, 0, 2, 0, 0, 0, 0, 0, 0, 0, 16),
(314, 58, 104, 10, 0, 0, 0, 0, 0, 0, 0, 0, 0, 10),
(315, 58, 105, 0, 0, 0, 0, 0, 0, 0, 0, 0, 0, 0),
(316, 58, 106, 0, 0, 0, 0, 0, 0, 0, 0, 0, 0, 0),
(317, 58, 107, 3, 10, 0, 0, 0, 0, 0, 0, 0, 0, 13),
(318, 58, 108, 0, 0, 0, 0, 0, 0, 0, 0, 0, 0, 0),
(319, 58, 109, 0, 0, 0, 0, 0, 0, 0, 0, 0, 0, 0),
(320, 58, 110, 90, 206, 30, 0, 0, 0, 0, 0, 0, 0, 326),
(321, 59, 101, 0, 10, 0, 0, 1, 0, 0, 0, 0, 0, 11),
(322, 59, 102, 0, 14, 0, 0, 1, 0, 0, 0, 0, 0, 15),
(323, 59, 103, 14, 0, 2, 0, 0, 0, 0, 0, 0, 0, 16),
(324, 59, 104, 10, 0, 0, 0, 0, 0, 0, 0, 0, 0, 10),
(325, 59, 105, 0, 0, 0, 0, 0, 0, 0, 0, 0, 0, 0),
(326, 59, 106, 0, 0, 0, 0, 0, 0, 0, 0, 0, 0, 0),
(327, 59, 107, 3, 10, 0, 0, 0, 0, 0, 0, 0, 0, 13),
(328, 59, 108, 0, 0, 0, 0, 0, 0, 0, 0, 0, 0, 0),
(329, 59, 109, 0, 0, 0, 0, 0, 0, 0, 0, 0, 0, 0),
(330, 59, 110, 90, 206, 30, 0, 0, 0, 0, 0, 0, 0, 326),
(331, 60, 101, 0, 10, 0, 0, 1, 0, 0, 0, 0, 0, 11),
(332, 60, 102, 0, 14, 0, 0, 1, 0, 0, 0, 0, 0, 15),
(333, 60, 103, 14, 0, 2, 0, 0, 0, 0, 0, 0, 0, 16),
(334, 60, 104, 10, 0, 0, 0, 0, 0, 0, 0, 0, 0, 10),
(335, 60, 105, 0, 0, 0, 0, 0, 0, 0, 0, 0, 0, 0),
(336, 60, 106, 0, 0, 0, 0, 0, 0, 0, 0, 0, 0, 0),
(337, 60, 107, 3, 10, 0, 0, 0, 0, 0, 0, 0, 0, 13),
(338, 60, 108, 0, 0, 0, 0, 0, 0, 0, 0, 0, 0, 0),
(339, 60, 109, 0, 0, 0, 0, 0, 0, 0, 0, 0, 0, 0),
(340, 60, 110, 90, 206, 30, 0, 0, 0, 0, 0, 0, 0, 326),
(341, 61, 101, 0, 10, 0, 0, 1, 0, 0, 0, 0, 0, 11),
(342, 61, 102, 0, 14, 0, 0, 1, 0, 0, 0, 0, 0, 15),
(343, 61, 103, 14, 0, 2, 0, 0, 0, 0, 0, 0, 0, 16),
(344, 61, 104, 10, 0, 0, 0, 0, 0, 0, 0, 0, 0, 10),
(345, 61, 105, 0, 0, 0, 0, 0, 0, 0, 0, 0, 0, 0),
(346, 61, 106, 0, 0, 0, 0, 0, 0, 0, 0, 0, 0, 0),
(347, 61, 107, 3, 10, 0, 0, 0, 0, 0, 0, 0, 0, 13),
(348, 61, 108, 0, 0, 0, 0, 0, 0, 0, 0, 0, 0, 0),
(349, 61, 109, 0, 0, 0, 0, 0, 0, 0, 0, 0, 0, 0),
(350, 61, 110, 90, 206, 30, 0, 0, 0, 0, 0, 0, 0, 326),
(351, 83, 101, 0, 10, 0, 0, 1, 0, 0, 0, 0, 0, 11),
(352, 83, 102, 0, 14, 0, 0, 1, 0, 0, 0, 0, 0, 15),
(353, 83, 103, 14, 0, 2, 0, 0, 0, 0, 0, 0, 0, 16),
(354, 83, 104, 10, 0, 0, 0, 0, 0, 0, 0, 0, 0, 10),
(355, 83, 105, 0, 0, 0, 0, 0, 0, 0, 0, 0, 0, 0),
(356, 83, 106, 0, 0, 0, 0, 0, 0, 0, 0, 0, 0, 0),
(357, 83, 107, 3, 10, 0, 0, 0, 0, 0, 0, 0, 0, 13),
(358, 83, 108, 0, 0, 0, 0, 0, 0, 0, 0, 0, 0, 0),
(359, 83, 109, 0, 0, 0, 0, 0, 0, 0, 0, 0, 0, 0),
(360, 83, 110, 90, 206, 30, 0, 0, 0, 0, 0, 0, 0, 326),
(361, 84, 101, 0, 10, 0, 0, 1, 0, 0, 0, 0, 0, 11),
(362, 84, 102, 0, 14, 0, 0, 1, 0, 0, 0, 0, 0, 15),
(363, 84, 103, 14, 0, 2, 0, 0, 0, 0, 0, 0, 0, 16),
(364, 84, 104, 10, 0, 0, 0, 0, 0, 0, 0, 0, 0, 10),
(365, 84, 105, 0, 0, 0, 0, 0, 0, 0, 0, 0, 0, 0),
(366, 84, 106, 0, 0, 0, 0, 0, 0, 0, 0, 0, 0, 0),
(367, 84, 107, 3, 10, 0, 0, 0, 0, 0, 0, 0, 0, 13),
(368, 84, 108, 0, 0, 0, 0, 0, 0, 0, 0, 0, 0, 0),
(369, 84, 109, 0, 0, 0, 0, 0, 0, 0, 0, 0, 0, 0),
(370, 84, 110, 90, 206, 30, 0, 0, 0, 0, 0, 0, 0, 326),
(371, 87, 101, 0, 10, 0, 0, 1, 0, 0, 0, 0, 0, 11),
(372, 87, 102, 0, 14, 0, 0, 1, 0, 0, 0, 0, 0, 15),
(373, 87, 103, 14, 0, 2, 0, 0, 0, 0, 0, 0, 0, 16),
(374, 87, 104, 10, 0, 0, 0, 0, 0, 0, 0, 0, 0, 10),
(375, 87, 105, 0, 0, 0, 0, 0, 0, 0, 0, 0, 0, 0),
(376, 87, 106, 0, 0, 0, 0, 0, 0, 0, 0, 0, 0, 0),
(377, 87, 107, 3, 10, 0, 0, 0, 0, 0, 0, 0, 0, 13),
(378, 87, 108, 0, 0, 0, 0, 0, 0, 0, 0, 0, 0, 0),
(379, 87, 109, 0, 0, 0, 0, 0, 0, 0, 0, 0, 0, 0),
(380, 87, 110, 90, 206, 30, 0, 0, 0, 0, 0, 0, 0, 326),
(381, 94, 101, 0, 10, 0, 0, 1, 0, 0, 0, 0, 0, 11),
(382, 94, 102, 0, 14, 0, 0, 1, 0, 0, 0, 0, 0, 15),
(383, 94, 103, 14, 0, 2, 0, 0, 0, 0, 0, 0, 0, 16),
(384, 94, 104, 10, 0, 0, 0, 0, 0, 0, 0, 0, 0, 10),
(385, 94, 105, 0, 0, 0, 0, 0, 0, 0, 0, 0, 0, 0),
(386, 94, 106, 0, 0, 0, 0, 0, 0, 0, 0, 0, 0, 0),
(387, 94, 107, 3, 10, 0, 0, 0, 0, 0, 0, 0, 0, 13),
(388, 94, 108, 0, 0, 0, 0, 0, 0, 0, 0, 0, 0, 0),
(389, 94, 109, 0, 0, 0, 0, 0, 0, 0, 0, 0, 0, 0),
(390, 94, 110, 90, 206, 30, 0, 0, 0, 0, 0, 0, 0, 326),
(391, 95, 101, 0, 10, 0, 0, 1, 0, 0, 0, 0, 0, 11),
(392, 95, 102, 0, 14, 0, 0, 1, 0, 0, 0, 0, 0, 15),
(393, 95, 103, 14, 0, 2, 0, 0, 0, 0, 0, 0, 0, 16),
(394, 95, 104, 10, 0, 0, 0, 0, 0, 0, 0, 0, 0, 10),
(395, 95, 105, 0, 0, 0, 0, 0, 0, 0, 0, 0, 0, 0),
(396, 95, 106, 0, 0, 0, 0, 0, 0, 0, 0, 0, 0, 0),
(397, 95, 107, 3, 10, 0, 0, 0, 0, 0, 0, 0, 0, 13),
(398, 95, 108, 0, 0, 0, 0, 0, 0, 0, 0, 0, 0, 0),
(399, 95, 109, 0, 0, 0, 0, 0, 0, 0, 0, 0, 0, 0),
(400, 95, 110, 90, 206, 30, 0, 0, 0, 0, 0, 0, 0, 326),
(401, 96, 101, 0, 10, 0, 0, 1, 0, 0, 0, 0, 0, 11),
(402, 96, 102, 0, 14, 0, 0, 1, 0, 0, 0, 0, 0, 15),
(403, 96, 103, 14, 0, 2, 0, 0, 0, 0, 0, 0, 0, 16),
(404, 96, 104, 10, 0, 0, 0, 0, 0, 0, 0, 0, 0, 10),
(405, 96, 105, 0, 0, 0, 0, 0, 0, 0, 0, 0, 0, 0),
(406, 96, 106, 0, 0, 0, 0, 0, 0, 0, 0, 0, 0, 0),
(407, 96, 107, 3, 10, 0, 0, 0, 0, 0, 0, 0, 0, 13),
(408, 96, 108, 0, 0, 0, 0, 0, 0, 0, 0, 0, 0, 0),
(409, 96, 109, 0, 0, 0, 0, 0, 0, 0, 0, 0, 0, 0),
(410, 96, 110, 90, 206, 30, 0, 0, 0, 0, 0, 0, 0, 326),
(411, 97, 101, 0, 10, 0, 0, 1, 0, 0, 0, 0, 0, 11),
(412, 97, 102, 0, 14, 0, 0, 1, 0, 0, 0, 0, 0, 15),
(413, 97, 103, 14, 0, 2, 0, 0, 0, 0, 0, 0, 0, 16),
(414, 97, 104, 10, 0, 0, 0, 0, 0, 0, 0, 0, 0, 10),
(415, 97, 105, 0, 0, 0, 0, 0, 0, 0, 0, 0, 0, 0),
(416, 97, 106, 0, 0, 0, 0, 0, 0, 0, 0, 0, 0, 0),
(417, 97, 107, 3, 10, 0, 0, 0, 0, 0, 0, 0, 0, 13),
(418, 97, 108, 0, 0, 0, 0, 0, 0, 0, 0, 0, 0, 0),
(419, 97, 109, 0, 0, 0, 0, 0, 0, 0, 0, 0, 0, 0),
(420, 97, 110, 90, 206, 30, 0, 0, 0, 0, 0, 0, 0, 326),
(421, 104, 101, 0, 10, 0, 0, 1, 0, 0, 0, 0, 0, 11),
(422, 104, 102, 0, 14, 0, 0, 1, 0, 0, 0, 0, 0, 15),
(423, 104, 103, 14, 0, 2, 0, 0, 0, 0, 0, 0, 0, 16),
(424, 104, 104, 10, 0, 0, 0, 0, 0, 0, 0, 0, 0, 10),
(425, 104, 105, 0, 0, 0, 0, 0, 0, 0, 0, 0, 0, 0),
(426, 104, 106, 0, 0, 0, 0, 0, 0, 0, 0, 0, 0, 0),
(427, 104, 107, 3, 10, 0, 0, 0, 0, 0, 0, 0, 0, 13),
(428, 104, 108, 0, 0, 0, 0, 0, 0, 0, 0, 0, 0, 0),
(429, 104, 109, 0, 0, 0, 0, 0, 0, 0, 0, 0, 0, 0),
(430, 104, 110, 90, 206, 30, 0, 0, 0, 0, 0, 0, 0, 326),
(431, 105, 101, 0, 10, 0, 0, 1, 0, 0, 0, 0, 0, 11),
(432, 105, 102, 0, 14, 0, 0, 1, 0, 0, 0, 0, 0, 15),
(433, 105, 103, 14, 0, 2, 0, 0, 0, 0, 0, 0, 0, 16),
(434, 105, 104, 10, 0, 0, 0, 0, 0, 0, 0, 0, 0, 10),
(435, 105, 105, 0, 0, 0, 0, 0, 0, 0, 0, 0, 0, 0),
(436, 105, 106, 0, 0, 0, 0, 0, 0, 0, 0, 0, 0, 0),
(437, 105, 107, 3, 10, 0, 0, 0, 0, 0, 0, 0, 0, 13),
(438, 105, 108, 0, 0, 0, 0, 0, 0, 0, 0, 0, 0, 0),
(439, 105, 109, 0, 0, 0, 0, 0, 0, 0, 0, 0, 0, 0),
(440, 105, 110, 90, 206, 30, 0, 0, 0, 0, 0, 0, 0, 326),
(441, 106, 101, 0, 10, 0, 0, 1, 0, 0, 0, 0, 0, 11),
(442, 106, 102, 0, 14, 0, 0, 1, 0, 0, 0, 0, 0, 15),
(443, 106, 103, 14, 0, 2, 0, 0, 0, 0, 0, 0, 0, 16),
(444, 106, 104, 10, 0, 0, 0, 0, 0, 0, 0, 0, 0, 10),
(445, 106, 105, 0, 0, 0, 0, 0, 0, 0, 0, 0, 0, 0),
(446, 106, 106, 0, 0, 0, 0, 0, 0, 0, 0, 0, 0, 0),
(447, 106, 107, 3, 10, 0, 0, 0, 0, 0, 0, 0, 0, 13),
(448, 106, 108, 0, 0, 0, 0, 0, 0, 0, 0, 0, 0, 0),
(449, 106, 109, 0, 0, 0, 0, 0, 0, 0, 0, 0, 0, 0),
(450, 106, 110, 90, 206, 30, 0, 0, 0, 0, 0, 0, 0, 326),
(451, 107, 101, 0, 10, 0, 0, 1, 0, 0, 0, 0, 0, 11),
(452, 107, 102, 0, 14, 0, 0, 1, 0, 0, 0, 0, 0, 15),
(453, 107, 103, 14, 0, 2, 0, 0, 0, 0, 0, 0, 0, 16),
(454, 107, 104, 10, 0, 0, 0, 0, 0, 0, 0, 0, 0, 10),
(455, 107, 105, 0, 0, 0, 0, 0, 0, 0, 0, 0, 0, 0),
(456, 107, 106, 0, 0, 0, 0, 0, 0, 0, 0, 0, 0, 0),
(457, 107, 107, 3, 10, 0, 0, 0, 0, 0, 0, 0, 0, 13),
(458, 107, 108, 0, 0, 0, 0, 0, 0, 0, 0, 0, 0, 0),
(459, 107, 109, 0, 0, 0, 0, 0, 0, 0, 0, 0, 0, 0),
(460, 107, 110, 90, 206, 30, 0, 0, 0, 0, 0, 0, 0, 326),
(461, 108, 101, 0, 10, 0, 0, 1, 0, 0, 0, 0, 0, 11),
(462, 108, 102, 0, 14, 0, 0, 1, 0, 0, 0, 0, 0, 15),
(463, 108, 103, 14, 0, 2, 0, 0, 0, 0, 0, 0, 0, 16),
(464, 108, 104, 10, 0, 0, 0, 0, 0, 0, 0, 0, 0, 10),
(465, 108, 105, 0, 0, 0, 0, 0, 0, 0, 0, 0, 0, 0),
(466, 108, 106, 0, 0, 0, 0, 0, 0, 0, 0, 0, 0, 0),
(467, 108, 107, 3, 10, 0, 0, 0, 0, 0, 0, 0, 0, 13),
(468, 108, 108, 0, 0, 0, 0, 0, 0, 0, 0, 0, 0, 0),
(469, 108, 109, 0, 0, 0, 0, 0, 0, 0, 0, 0, 0, 0),
(470, 108, 110, 90, 206, 30, 0, 0, 0, 0, 0, 0, 0, 326),
(471, 109, 101, 0, 10, 0, 0, 1, 0, 0, 0, 0, 0, 11),
(472, 109, 102, 0, 14, 0, 0, 1, 0, 0, 0, 0, 0, 15),
(473, 109, 103, 14, 0, 2, 0, 0, 0, 0, 0, 0, 0, 16),
(474, 109, 104, 10, 0, 0, 0, 0, 0, 0, 0, 0, 0, 10),
(475, 109, 105, 0, 0, 0, 0, 0, 0, 0, 0, 0, 0, 0),
(476, 109, 106, 0, 0, 0, 0, 0, 0, 0, 0, 0, 0, 0),
(477, 109, 107, 3, 10, 0, 0, 0, 0, 0, 0, 0, 0, 13),
(478, 109, 108, 0, 0, 0, 0, 0, 0, 0, 0, 0, 0, 0),
(479, 109, 109, 0, 0, 0, 0, 0, 0, 0, 0, 0, 0, 0),
(480, 109, 110, 90, 206, 30, 0, 0, 0, 0, 0, 0, 0, 326),
(481, 116, 101, 0, 10, 0, 0, 1, 0, 0, 0, 0, 0, 11),
(482, 116, 102, 0, 14, 0, 0, 1, 0, 0, 0, 0, 0, 15),
(483, 116, 103, 14, 0, 2, 0, 0, 0, 0, 0, 0, 0, 16),
(484, 116, 104, 10, 0, 0, 0, 0, 0, 0, 0, 0, 0, 10),
(485, 116, 105, 0, 0, 0, 0, 0, 0, 0, 0, 0, 0, 0),
(486, 116, 106, 0, 0, 0, 0, 0, 0, 0, 0, 0, 0, 0),
(487, 116, 107, 3, 10, 0, 0, 0, 0, 0, 0, 0, 0, 13),
(488, 116, 108, 0, 0, 0, 0, 0, 0, 0, 0, 0, 0, 0),
(489, 116, 109, 0, 0, 0, 0, 0, 0, 0, 0, 0, 0, 0),
(490, 116, 110, 90, 206, 30, 0, 0, 0, 0, 0, 0, 0, 326),
(491, 117, 101, 0, 10, 0, 0, 1, 0, 0, 0, 0, 0, 11),
(492, 117, 102, 0, 14, 0, 0, 1, 0, 0, 0, 0, 0, 15),
(493, 117, 103, 14, 0, 2, 0, 0, 0, 0, 0, 0, 0, 16),
(494, 117, 104, 10, 0, 0, 0, 0, 0, 0, 0, 0, 0, 10),
(495, 117, 105, 0, 0, 0, 0, 0, 0, 0, 0, 0, 0, 0),
(496, 117, 106, 0, 0, 0, 0, 0, 0, 0, 0, 0, 0, 0),
(497, 117, 107, 3, 10, 0, 0, 0, 0, 0, 0, 0, 0, 13),
(498, 117, 108, 0, 0, 0, 0, 0, 0, 0, 0, 0, 0, 0),
(499, 117, 109, 0, 0, 0, 0, 0, 0, 0, 0, 0, 0, 0),
(500, 117, 110, 90, 206, 30, 0, 0, 0, 0, 0, 0, 0, 326),
(501, 121, 101, 0, 10, 0, 0, 1, 0, 0, 0, 0, 0, 11),
(502, 121, 102, 0, 14, 0, 0, 1, 0, 0, 0, 0, 0, 15),
(503, 121, 103, 14, 0, 2, 0, 0, 0, 0, 0, 0, 0, 16),
(504, 121, 104, 10, 0, 0, 0, 0, 0, 0, 0, 0, 0, 10),
(505, 121, 105, 0, 0, 0, 0, 0, 0, 0, 0, 0, 0, 0),
(506, 121, 106, 0, 0, 0, 0, 0, 0, 0, 0, 0, 0, 0),
(507, 121, 107, 3, 10, 0, 0, 0, 0, 0, 0, 0, 0, 13),
(508, 121, 108, 0, 0, 0, 0, 0, 0, 0, 0, 0, 0, 0),
(509, 121, 109, 0, 0, 0, 0, 0, 0, 0, 0, 0, 0, 0),
(510, 121, 110, 90, 206, 30, 0, 0, 0, 0, 0, 0, 0, 326),
(511, 122, 101, 0, 10, 0, 0, 1, 0, 0, 0, 0, 0, 11),
(512, 122, 102, 0, 14, 0, 0, 1, 0, 0, 0, 0, 0, 15),
(513, 122, 103, 14, 0, 2, 0, 0, 0, 0, 0, 0, 0, 16),
(514, 122, 104, 10, 0, 0, 0, 0, 0, 0, 0, 0, 0, 10),
(515, 122, 105, 0, 0, 0, 0, 0, 0, 0, 0, 0, 0, 0),
(516, 122, 106, 0, 0, 0, 0, 0, 0, 0, 0, 0, 0, 0),
(517, 122, 107, 3, 10, 0, 0, 0, 0, 0, 0, 0, 0, 13),
(518, 122, 108, 0, 0, 0, 0, 0, 0, 0, 0, 0, 0, 0),
(519, 122, 109, 0, 0, 0, 0, 0, 0, 0, 0, 0, 0, 0),
(520, 122, 110, 90, 206, 30, 0, 0, 0, 0, 0, 0, 0, 326);

-- --------------------------------------------------------

--
-- Table structure for table `detail_penerimaan`
--

CREATE TABLE `detail_penerimaan` (
  `id_detailpenerimaan` int(11) NOT NULL,
  `id_penerimaan` int(5) NOT NULL,
  `kode` int(5) NOT NULL,
  `jumlah_terima` int(10) NOT NULL
) ENGINE=InnoDB DEFAULT CHARSET=latin1;

--
-- Dumping data for table `detail_penerimaan`
--

INSERT INTO `detail_penerimaan` (`id_detailpenerimaan`, `id_penerimaan`, `kode`, `jumlah_terima`) VALUES
(1, 1, 101, 0),
(2, 1, 102, 0),
(3, 1, 103, 0),
(4, 1, 104, 0),
(5, 1, 106, 0),
(6, 1, 107, 0),
(7, 1, 108, 0),
(8, 1, 109, 0),
(9, 1, 110, 0),
(10, 1, 111, 100),
(11, 2, 101, 0),
(12, 2, 102, 0),
(13, 2, 103, 0),
(14, 2, 104, 0),
(15, 2, 106, 0),
(16, 2, 107, 0),
(17, 2, 108, 0),
(18, 2, 109, 0),
(19, 2, 110, 0),
(20, 2, 111, 100),
(21, 3, 101, 0),
(22, 3, 102, 0),
(23, 3, 103, 0),
(24, 3, 104, 0),
(25, 3, 106, 0),
(26, 3, 107, 0),
(27, 3, 108, 0),
(28, 3, 109, 0),
(29, 3, 110, 0),
(30, 3, 111, 100),
(31, 10, 101, 0),
(32, 10, 102, 0),
(33, 10, 103, 0),
(34, 10, 104, 0),
(35, 10, 106, 0),
(36, 10, 107, 0),
(37, 10, 108, 0),
(38, 10, 109, 0),
(39, 10, 110, 0),
(40, 10, 111, 100),
(41, 12, 101, 0),
(42, 12, 102, 0),
(43, 12, 103, 0),
(44, 12, 104, 0),
(45, 12, 106, 0),
(46, 12, 107, 0),
(47, 12, 108, 0),
(48, 12, 109, 0),
(49, 12, 110, 0),
(50, 12, 111, 100),
(51, 13, 101, 0),
(52, 13, 102, 0),
(53, 13, 103, 0),
(54, 13, 104, 0),
(55, 13, 106, 0),
(56, 13, 107, 0),
(57, 13, 108, 0),
(58, 13, 109, 0),
(59, 13, 110, 0),
(60, 13, 111, 100),
(61, 14, 101, 0),
(62, 14, 102, 0),
(63, 14, 103, 0),
(64, 14, 104, 0),
(65, 14, 106, 0),
(66, 14, 107, 0),
(67, 14, 108, 0),
(68, 14, 109, 0),
(69, 14, 110, 0),
(70, 14, 111, 100),
(71, 15, 101, 0),
(72, 15, 102, 0),
(73, 15, 103, 0),
(74, 15, 104, 0),
(75, 15, 106, 0),
(76, 15, 107, 0),
(77, 15, 108, 0),
(78, 15, 109, 0),
(79, 15, 110, 0),
(80, 15, 111, 100),
(81, 16, 101, 0),
(82, 16, 102, 0),
(83, 16, 103, 0),
(84, 16, 104, 0),
(85, 16, 106, 0),
(86, 16, 107, 0),
(87, 16, 108, 0),
(88, 16, 109, 0),
(89, 16, 110, 0),
(90, 16, 111, 100),
(91, 17, 101, 0),
(92, 17, 102, 0),
(93, 17, 103, 0),
(94, 17, 104, 0),
(95, 17, 106, 0),
(96, 17, 107, 0),
(97, 17, 108, 0),
(98, 17, 109, 0),
(99, 17, 110, 0),
(100, 17, 111, 100),
(101, 18, 101, 0),
(102, 18, 102, 0),
(103, 18, 103, 0),
(104, 18, 104, 0),
(105, 18, 106, 0),
(106, 18, 107, 0),
(107, 18, 108, 0),
(108, 18, 109, 0),
(109, 18, 110, 0),
(110, 18, 111, 100),
(111, 19, 101, 0),
(112, 19, 102, 0),
(113, 19, 103, 0),
(114, 19, 104, 0),
(115, 19, 106, 0),
(116, 19, 107, 0),
(117, 19, 108, 0),
(118, 19, 109, 0),
(119, 19, 110, 0),
(120, 19, 111, 100),
(121, 20, 101, 0),
(122, 20, 102, 0),
(123, 20, 103, 0),
(124, 20, 104, 0),
(125, 20, 106, 0),
(126, 20, 107, 0),
(127, 20, 108, 0),
(128, 20, 109, 0),
(129, 20, 110, 0),
(130, 20, 111, 100),
(131, 21, 101, 0),
(132, 21, 102, 0),
(133, 21, 103, 0),
(134, 21, 104, 0),
(135, 21, 106, 0),
(136, 21, 107, 0),
(137, 21, 108, 0),
(138, 21, 109, 0),
(139, 21, 110, 0),
(140, 21, 111, 100),
(141, 25, 101, 0),
(142, 25, 102, 0),
(143, 25, 103, 0),
(144, 25, 104, 0),
(145, 25, 106, 0),
(146, 25, 107, 0),
(147, 25, 108, 0),
(148, 25, 109, 0),
(149, 25, 110, 0),
(150, 25, 111, 100),
(151, 34, 101, 0),
(152, 34, 102, 0),
(153, 34, 103, 0),
(154, 34, 104, 0),
(155, 34, 106, 0),
(156, 34, 107, 0),
(157, 34, 108, 0),
(158, 34, 109, 0),
(159, 34, 110, 0),
(160, 34, 111, 100),
(161, 37, 101, 0),
(162, 37, 102, 0),
(163, 37, 103, 0),
(164, 37, 104, 0),
(165, 37, 105, 0),
(166, 37, 106, 0),
(167, 37, 107, 0),
(168, 37, 108, 0),
(169, 37, 109, 0),
(170, 37, 110, 100),
(171, 38, 101, 0),
(172, 38, 102, 0),
(173, 38, 103, 0),
(174, 38, 104, 0),
(175, 38, 105, 0),
(176, 38, 106, 0),
(177, 38, 107, 0),
(178, 38, 108, 0),
(179, 38, 109, 0),
(180, 38, 110, 100),
(181, 39, 101, 0),
(182, 39, 102, 0),
(183, 39, 103, 0),
(184, 39, 104, 0),
(185, 39, 105, 0),
(186, 39, 106, 0),
(187, 39, 107, 0),
(188, 39, 108, 0),
(189, 39, 109, 0),
(190, 39, 110, 100),
(191, 40, 101, 0),
(192, 40, 102, 0),
(193, 40, 103, 0),
(194, 40, 104, 0),
(195, 40, 105, 0),
(196, 40, 106, 0),
(197, 40, 107, 0),
(198, 40, 108, 0),
(199, 40, 109, 0),
(200, 40, 110, 100),
(201, 41, 101, 0),
(202, 41, 102, 0),
(203, 41, 103, 0),
(204, 41, 104, 0),
(205, 41, 105, 0),
(206, 41, 106, 0),
(207, 41, 107, 0),
(208, 41, 108, 0),
(209, 41, 109, 0),
(210, 41, 110, 100),
(211, 42, 101, 0),
(212, 42, 102, 0),
(213, 42, 103, 0),
(214, 42, 104, 0),
(215, 42, 105, 0),
(216, 42, 106, 0),
(217, 42, 107, 0),
(218, 42, 108, 0),
(219, 42, 109, 0),
(220, 42, 110, 100),
(221, 43, 101, 0),
(222, 43, 102, 0),
(223, 43, 103, 0),
(224, 43, 104, 0),
(225, 43, 105, 0),
(226, 43, 106, 0),
(227, 43, 107, 0),
(228, 43, 108, 0),
(229, 43, 109, 0),
(230, 43, 110, 100),
(231, 44, 101, 0),
(232, 44, 102, 0),
(233, 44, 103, 0),
(234, 44, 104, 0),
(235, 44, 105, 0),
(236, 44, 106, 0),
(237, 44, 107, 0),
(238, 44, 108, 0),
(239, 44, 109, 0),
(240, 44, 110, 100),
(241, 45, 101, 0),
(242, 45, 102, 0),
(243, 45, 103, 0),
(244, 45, 104, 0),
(245, 45, 105, 0),
(246, 45, 106, 0),
(247, 45, 107, 0),
(248, 45, 108, 0),
(249, 45, 109, 0),
(250, 45, 110, 100),
(251, 46, 101, 0),
(252, 46, 102, 0),
(253, 46, 103, 0),
(254, 46, 104, 0),
(255, 46, 105, 0),
(256, 46, 106, 0),
(257, 46, 107, 0),
(258, 46, 108, 0),
(259, 46, 109, 0),
(260, 46, 110, 100),
(261, 47, 101, 0),
(262, 47, 102, 0),
(263, 47, 103, 0),
(264, 47, 104, 0),
(265, 47, 105, 0),
(266, 47, 106, 0),
(267, 47, 107, 0),
(268, 47, 108, 0),
(269, 47, 109, 0),
(270, 47, 110, 100),
(271, 48, 101, 0),
(272, 48, 102, 0),
(273, 48, 103, 0),
(274, 48, 104, 0),
(275, 48, 105, 0),
(276, 48, 106, 0),
(277, 48, 107, 0),
(278, 48, 108, 0),
(279, 48, 109, 0),
(280, 48, 110, 100),
(281, 55, 101, 0),
(282, 55, 102, 0),
(283, 55, 103, 0),
(284, 55, 104, 0),
(285, 55, 105, 0),
(286, 55, 106, 0),
(287, 55, 107, 0),
(288, 55, 108, 0),
(289, 55, 109, 0),
(290, 55, 110, 100),
(291, 56, 101, 0),
(292, 56, 102, 0),
(293, 56, 103, 0),
(294, 56, 104, 0),
(295, 56, 105, 0),
(296, 56, 106, 0),
(297, 56, 107, 0),
(298, 56, 108, 0),
(299, 56, 109, 0),
(300, 56, 110, 100),
(301, 57, 101, 0),
(302, 57, 102, 0),
(303, 57, 103, 0),
(304, 57, 104, 0),
(305, 57, 105, 0),
(306, 57, 106, 0),
(307, 57, 107, 0),
(308, 57, 108, 0),
(309, 57, 109, 0),
(310, 57, 110, 100),
(311, 58, 101, 0),
(312, 58, 102, 0),
(313, 58, 103, 0),
(314, 58, 104, 0),
(315, 58, 105, 0),
(316, 58, 106, 0),
(317, 58, 107, 0),
(318, 58, 108, 0),
(319, 58, 109, 0),
(320, 58, 110, 100),
(321, 59, 101, 0),
(322, 59, 102, 0),
(323, 59, 103, 0),
(324, 59, 104, 0),
(325, 59, 105, 0),
(326, 59, 106, 0),
(327, 59, 107, 0),
(328, 59, 108, 0),
(329, 59, 109, 0),
(330, 59, 110, 100),
(331, 60, 101, 0),
(332, 60, 102, 0),
(333, 60, 103, 0),
(334, 60, 104, 0),
(335, 60, 105, 0),
(336, 60, 106, 0),
(337, 60, 107, 0),
(338, 60, 108, 0),
(339, 60, 109, 0),
(340, 60, 110, 100),
(341, 61, 101, 0),
(342, 61, 102, 0),
(343, 61, 103, 0),
(344, 61, 104, 0),
(345, 61, 105, 0),
(346, 61, 106, 0),
(347, 61, 107, 0),
(348, 61, 108, 0),
(349, 61, 109, 0),
(350, 61, 110, 100),
(351, 83, 101, 0),
(352, 83, 102, 0),
(353, 83, 103, 0),
(354, 83, 104, 0),
(355, 83, 105, 0),
(356, 83, 106, 0),
(357, 83, 107, 0),
(358, 83, 108, 0),
(359, 83, 109, 0),
(360, 83, 110, 100),
(361, 84, 101, 0),
(362, 84, 102, 0),
(363, 84, 103, 0),
(364, 84, 104, 0),
(365, 84, 105, 0),
(366, 84, 106, 0),
(367, 84, 107, 0),
(368, 84, 108, 0),
(369, 84, 109, 0),
(370, 84, 110, 100),
(371, 87, 101, 0),
(372, 87, 102, 0),
(373, 87, 103, 0),
(374, 87, 104, 0),
(375, 87, 105, 0),
(376, 87, 106, 0),
(377, 87, 107, 0),
(378, 87, 108, 0),
(379, 87, 109, 0),
(380, 87, 110, 100),
(381, 94, 101, 0),
(382, 94, 102, 0),
(383, 94, 103, 0),
(384, 94, 104, 0),
(385, 94, 105, 0),
(386, 94, 106, 0),
(387, 94, 107, 0),
(388, 94, 108, 0),
(389, 94, 109, 0),
(390, 94, 110, 100),
(391, 95, 101, 0),
(392, 95, 102, 0),
(393, 95, 103, 0),
(394, 95, 104, 0),
(395, 95, 105, 0),
(396, 95, 106, 0),
(397, 95, 107, 0),
(398, 95, 108, 0),
(399, 95, 109, 0),
(400, 95, 110, 100),
(401, 96, 101, 0),
(402, 96, 102, 0),
(403, 96, 103, 0),
(404, 96, 104, 0),
(405, 96, 105, 0),
(406, 96, 106, 0),
(407, 96, 107, 0),
(408, 96, 108, 0),
(409, 96, 109, 0),
(410, 96, 110, 100),
(411, 97, 101, 0),
(412, 97, 102, 0),
(413, 97, 103, 0),
(414, 97, 104, 0),
(415, 97, 105, 0),
(416, 97, 106, 0),
(417, 97, 107, 0),
(418, 97, 108, 0),
(419, 97, 109, 0),
(420, 97, 110, 100),
(421, 104, 101, 0),
(422, 104, 102, 0),
(423, 104, 103, 0),
(424, 104, 104, 0),
(425, 104, 105, 0),
(426, 104, 106, 0),
(427, 104, 107, 0),
(428, 104, 108, 0),
(429, 104, 109, 0),
(430, 104, 110, 100),
(431, 105, 101, 0),
(432, 105, 102, 0),
(433, 105, 103, 0),
(434, 105, 104, 0),
(435, 105, 105, 0),
(436, 105, 106, 0),
(437, 105, 107, 0),
(438, 105, 108, 0),
(439, 105, 109, 0),
(440, 105, 110, 100),
(441, 106, 101, 0),
(442, 106, 102, 0),
(443, 106, 103, 0),
(444, 106, 104, 0),
(445, 106, 105, 0),
(446, 106, 106, 0),
(447, 106, 107, 0),
(448, 106, 108, 0),
(449, 106, 109, 0),
(450, 106, 110, 100),
(451, 107, 101, 0),
(452, 107, 102, 0),
(453, 107, 103, 0),
(454, 107, 104, 0),
(455, 107, 105, 0),
(456, 107, 106, 0),
(457, 107, 107, 0),
(458, 107, 108, 0),
(459, 107, 109, 0),
(460, 107, 110, 100),
(461, 108, 101, 0),
(462, 108, 102, 0),
(463, 108, 103, 0),
(464, 108, 104, 0),
(465, 108, 105, 0),
(466, 108, 106, 0),
(467, 108, 107, 0),
(468, 108, 108, 0),
(469, 108, 109, 0),
(470, 108, 110, 100),
(471, 109, 101, 0),
(472, 109, 102, 0),
(473, 109, 103, 0),
(474, 109, 104, 0),
(475, 109, 105, 0),
(476, 109, 106, 0),
(477, 109, 107, 0),
(478, 109, 108, 0),
(479, 109, 109, 0),
(480, 109, 110, 100),
(481, 116, 101, 0),
(482, 116, 102, 0),
(483, 116, 103, 0),
(484, 116, 104, 0),
(485, 116, 105, 0),
(486, 116, 106, 0),
(487, 116, 107, 0),
(488, 116, 108, 0),
(489, 116, 109, 0),
(490, 116, 110, 100),
(491, 117, 101, 0),
(492, 117, 102, 0),
(493, 117, 103, 0),
(494, 117, 104, 0),
(495, 117, 105, 0),
(496, 117, 106, 0),
(497, 117, 107, 0),
(498, 117, 108, 0),
(499, 117, 109, 0),
(500, 117, 110, 100),
(501, 121, 101, 0),
(502, 121, 102, 0),
(503, 121, 103, 0),
(504, 121, 104, 0),
(505, 121, 105, 0),
(506, 121, 106, 0),
(507, 121, 107, 0),
(508, 121, 108, 0),
(509, 121, 109, 0),
(510, 121, 110, 100),
(511, 122, 101, 0),
(512, 122, 102, 0),
(513, 122, 103, 0),
(514, 122, 104, 0),
(515, 122, 105, 0),
(516, 122, 106, 0),
(517, 122, 107, 0),
(518, 122, 108, 0),
(519, 122, 109, 0),
(520, 122, 110, 100);

-- --------------------------------------------------------

--
-- Table structure for table `obat`
--

CREATE TABLE `obat` (
  `kode` int(5) NOT NULL,
  `nama_obat` varchar(150) NOT NULL,
  `satuan` varchar(30) NOT NULL
) ENGINE=InnoDB DEFAULT CHARSET=latin1;

--
-- Dumping data for table `obat`
--

INSERT INTO `obat` (`kode`, `nama_obat`, `satuan`) VALUES
(101, 'IV CATHETER NO 24 G\r\n', 'SET'),
(102, 'IV CATHETER NO. 22 G\r\n', 'SET'),
(103, 'ASIKLOVIR KRIM 5%', 'TUBE 5 GRAM'),
(104, 'ASIKLOVIR TABLET 200 MG', 'TABLET'),
(105, 'AIR RAKSA DENTAL USE', 'BOTOL'),
(106, 'ALAT SUNTIK SEKALI PAKAI 1 ML', 'SET'),
(107, 'ALAT SUNTIK SEKALI PAKAI 2,5 ML', 'SET'),
(108, 'ALAT SUNTIK SEKALI PAKAI 5 ML', 'SET'),
(109, 'ALBENDAZOL 400 MG', 'TABLET'),
(110, 'ALLOPURINOL TABLET 100 MG', 'TABLET'),
(111, 'AMINOFILIN TABLET  200 MG', 'TABLET'),
(112, 'AMINOFILIN INJ 24 MG/ML', 'AMPUL'),
(115, 'AMOKSISILLIN SIRUP KERING 125 MG/5ML', 'BOTOL 60 ML'),
(116, 'AMPICILLIN INJ.', 'VIAL'),
(119, 'ANTALGIN INJEKSI 250 MG', 'AMPUL'),
(120, 'ANTALGIN TABLET 500 MG', 'TABLET'),
(121, 'ANTASIDA DOEN I TABLET KUNYAH, KOMBINASI : ALUMINI', 'TABLET'),
(122, 'ANTASIDA DOEN II SUSPENSI KOMBINASI:ALUMINIUM HIDROKSIDA 200 MG/5ML+MAGNESIUM HIDROKSIDA 200 MG/5ML', 'BOTOL 60 ML'),
(123, 'ANTI BAKTERI DOEN SALEP KOMBINASI : BASITRASIN 500 IU/G + POLIMIKSIN 10.000 IU/G', 'TUBE'),
(124, 'ANTIHEMOROID DOEN KOMBINASI BISMUTH SUBGALAT 150 MG + HEKSAKLOROFEN 2,5 MG', 'SUPP'),
(125, 'ANTI FUNGI DOEN KOMBINASI SALEP', 'POT'),
(126, 'ANTIMIGREN: ERGOTAMIN TARTRAT 1 MG + KOFEIN 50 MG', 'TABLET'),
(127, 'DIMENHIDRINAT TABLET 50 MG', 'TABLET'),
(128, 'AQUA PRO INJ', '10 VIAL/KOTAK'),
(131, 'ASAM MEFENAMAT', 'TABLET'),
(132, 'ASETOSAL TABLET', 'TABLET'),
(133, 'ASPAR K TABLET', 'TABLET'),
(135, 'ATROPIN INJ ', 'AMPUL'),
(140, 'AMOKSISILIN INJEKSI', 'VIAL'),
(145, 'ANTI BISA ULAR POLIVALEN', 'VIAL'),
(157, 'AMBROKSOL SIRUP', 'BOTOL'),
(158, 'AMBROKSOL 30 MG', 'TABLET'),
(159, 'AMLODIPIN 5 MG TABLET', 'TABLET'),
(166, 'ARDIOS TABLET', 'TABLET'),
(178, 'ASERING', 'FLABOT'),
(201, 'BENZATIN BENZIL PENISILIN 2,4 JUTA IU/VIAL', 'VIAL'),
(202, 'BESI II SULFAT KOMBINASI ASAM FOLAT', 'TABLET'),
(206, 'HYOSCHINE N BUTIL BROMIDA INJEKSI 20 MG/ML\r\n', 'AMPUL'),
(207, 'HYOSCHINE N BUTIL BROMIDA TABLET 10 MG\r\n', 'TABLET'),
(221, 'BETAMETASON KRIM 0,1% (SEBAGAI VALERAT)', 'TUBE'),
(224, 'BATUGIN ELIXIR\r\n', 'BOTOL'),
(225, 'BONDING', 'SET'),
(302, 'CAT GUT/ BENANG BEDAH 3/0 24 MM', 'PCS'),
(305, 'SIPROFLOKSASIN HCL TABLET 500 MG\r\n', '100 TABLET/KOTAK'),
(306, 'CARBAMAZEPINE 200MG ', 'TABLET'),
(309, 'SEFIKSIM 100 MG KAPSUL\r\n', 'KAPSUL'),
(310, 'SEFOTAKSIM INJEKSI 1 G\r\n', 'AMPUL'),
(317, 'SEFADROKSIL KAPSUL 500 MG\r\n', 'KAPSUL'),
(319, 'COMPOSIT LIGHT CURING', 'SET'),
(321, 'CAVIT', 'SET'),
(404, 'DEKSAMETASON INJK 5 MG/ML-1ML', 'TABLET'),
(405, 'DEKSTROMETORFAN SIRUP KOMBINASI', 'BOTOL'),
(408, 'DEVITALISASI PASTA (NON ARSEN)', 'BOTOL/KOTAK'),
(409, 'DEXAMETASON INJ IV 5 MG/ML', 'AMPUL'),
(410, 'DIAZEPAM 2 MG TABLET', 'TABLET'),
(413, 'DIFENHIDRAMIN HCL INJ 10 MG / ML', 'AMPUL'),
(414, 'DIGOKSIN TABLET 0,25 MG', 'TABLET'),
(418, 'DASABION', 'KAPSUL'),
(426, 'DOMPERIDON SIRUP ', 'BOTOL'),
(501, 'EFEDRIN 25 MG TABLET', 'TABLET'),
(502, 'EKSTRAK BELADON TABLET 10 MG', '1000 TABLET/BOTOL'),
(504, 'DENZYMFORT', 'TABLET'),
(506, 'DEKSTROMETORFAN TABLET KOMBINASI', 'TABLET'),
(510, 'ETANOL 70%\r\n', 'BOTOL 1 L'),
(511, 'ETIL KLORIDA SPRAY\r\n', 'VIAL/CAN/100 ML'),
(512, 'EUGENOL CAIRAN\r\n', 'BOTOL'),
(513, 'ERITROMISIN 500MG\r\n', 'KAPLET'),
(517, 'ETHCING\r\n', 'SET'),
(518, 'ENKASARI', 'BOTOL'),
(519, 'ETANOL 70%\r\n', 'BOTOL 100 ML'),
(603, 'FENOBARBITAL INJEKSI\r\n', 'AMPUL'),
(605, 'FENOBARBITAL TABLET 30 MG\r\n', 'TABLET'),
(607, 'FENOL GLISEROL TT 10 %\r\n', 'BOTOL'),
(610, 'FUROSEMID TABLET 40 MG\r\n', 'TABLET'),
(612, 'FOLEY CATHETER 2 WAY NO.16\r\n', 'PCS'),
(613, 'TABLET TAMBAH DARAH KOMBINASI\r\n', '30 TABLET/SASE'),
(614, 'FAMOTIDIN TABLET 20 MG\r\n', 'TABLET'),
(702, 'GARAM ORALIT KOMBINASI : NATRIUM 0,70 G, KALIUM KLORIDA 0,30 G, TRINATRIUM SITRAT DIHIDRAT 0,58 G, GLUKOSA ANHIDRAT 2,7 G\r\n', 'SASET'),
(703, 'GENTAMISIN INJ 40 MG / ML\r\n', 'AMPUL'),
(704, 'GENTIAN VIOLET LARUTAN 1%\r\n', 'BOTOL 10 ML'),
(705, 'GLASS IONOMER FUJI\r\n', 'SET'),
(706, 'GLIBENCLAMIDE TABLET 5 MG\r\n', 'TABLET'),
(707, 'GLISERIL GUAIKOLAT TABLET 100 MG\r\n', 'TABLET'),
(710, 'GLUKKOSA LAUTAN INFUS 5% STERIL\r\n', 'BOTOL 500 ML'),
(711, 'GRISEUFULVIN TABLET 125 MG\r\n', 'TABLET'),
(716, 'GENTAMISIN SALEP KULIT 0,1 %\r\n', 'TUBE'),
(718, 'GERIAVITA \r\n', 'TABLET'),
(801, 'HALOPERIDOL TABLET 0,5 MG\r\n', 'TABLET'),
(802, 'BROMHEKSIN TABLET 8 MG', 'TABLET'),
(803, 'HIDROKLOROTIAZID TABLET 25 MG\r\n', 'TABLET'),
(804, 'HIDROKORTISON KRIM 2,5%\r\n', 'TUBE'),
(812, 'HEMOROGARD\r\n', 'KAP'),
(813, 'HANDSCOEN\r\n', 'BIJI'),
(819, 'HANDSCOEN STERIL\r\n', 'PASANG'),
(902, 'ICHTYOL SALEP\r\n', 'POT'),
(903, 'INFUS SET ANAK\r\n', 'SET/KANTONG'),
(904, 'INFUS SET DEWASA\r\n', 'SET/KANTONG'),
(909, 'ISOSORBID DINITRAT TABLET SUBLINGUAL 5 MG\r\n', 'TABLET'),
(910, 'IBUPROFEN TABLET 400 MG\r\n', 'TABLET'),
(917, 'IMULAN \r\n', 'KTK 30 KAP'),
(1001, 'JARUM JAHIT NO 13\r\n', 'LUSIN'),
(1006, 'JARUM JAHIT DALAM NO. 21\r\n', 'SET'),
(1102, 'KALSIUM HIDROKSIDA PASTA\r\n', 'TUBE'),
(1103, 'KALSIUM LAKTAT TABLET 500 MG\r\n', 'TABLET'),
(1106, 'KAPAS PEMBALUT / ABSORBEN 250 GRAM\r\n', 'BUNGKUS'),
(1107, 'KAPTOPRIL TABLET 25 MG\r\n', 'TABLET'),
(1109, 'KASSA KOMPRES STERIL 40/40\r\n', 'BUNGKUS'),
(1110, 'KASA PEMBALUT 2M X 80 CM\r\n', 'ROL'),
(1111, 'KASA HIDROFIL 4 X 15\r\n', 'ROL'),
(1113, 'KLORAMFENIKOL INJEKSI 1GRAM/5ML\r\n', 'VIAL 5ML'),
(1116, 'KLONIDIN 0,15 TABLET\r\n', 'TABLET'),
(1117, 'KLORAMFENIKOL KAPSUL 250 MG\r\n', 'KAPSUL'),
(1118, 'KLORAMFENIKOL SALEP MATA 1%\r\n', 'TUBE 5 GRAM'),
(1119, 'KLORAMFENIKOL SUSPENSI 125 MG/5 ML\r\n', 'BOTOL 60 ML'),
(1120, 'KLORAMFENIKOL TETES MATA 0,5%\r\n', 'BOTOL 5 ML'),
(1121, 'KLORAMFENIKOL TETES TELINGA\r\n', 'BOTOL 5 ML'),
(1122, 'KLORFENIRAMINA MEALEAT (CTM) TABLET 4 MG\r\n', 'TABLET'),
(1123, 'KLORFENOL KAMFER MENTHOL (CHKM)\r\n', 'BOTOL 10 ML'),
(1133, 'KOTRIMOXAZOL SUSPENSI KOMB : SULFAMETOKSAZOL 200 MG + TRIMETOPTIM 40 MG / 5 ML\r\n', 'BOTOL 60 ML'),
(1135, 'KONTRIMOXAZOL DOEN I (DEWASA) KOMBINASI : SULFAMETOKSAZOL 400 MG, TRIMETOPRIM 80 MG\r\n', 'TABLET'),
(1138, 'KETOKONAZOL 200 MG\r\n', 'TABLET'),
(1141, 'KASA GULUNG PANJANG\r\n', 'ROL'),
(1148, 'KLORIN(BAYCLIN)\r\n', 'BOTOL'),
(1154, 'KURKUMEX KAP\r\n', 'KTK 100 KAP'),
(1155, 'KURKUMEX SYR\r\n', 'BOTOL'),
(1161, 'KA EN 3A\r\n', 'FLABOT'),
(1162, 'KA EN 3B\r\n', 'FLABOT'),
(1209, 'FUROSEMID INJ I.V/I.M 10 MG/ML\r\n', 'AMPUL'),
(1210, 'BISACODIL 5MG', 'TABLET'),
(1211, 'LAVERTRAN SALEP\r\n', 'POT'),
(1212, 'LIDOKAIN INJEKSI 2% (HCL) + EPINEFRIN 1 : 80.000-2ML/ PEHACAIN INJ\r\n', 'AMPUL'),
(1213, 'LYSOL MENGANDUNG KRESOL TERSABUN 50%\r\n', 'BOTOL 1000 ML'),
(1214, 'LOPERAMID TABLET 2 MG\r\n', 'TABLET'),
(1217, 'LORATADIN TABLET 10 MG\r\n', 'TABLET'),
(1303, 'BETAHISTIN MESILAT TABLET 6 MG', 'TABLET'),
(1305, 'METILERGOMETRIN MALEAT INJEKSI 0,200 MG - 1 ML\r\n', 'AMPUL'),
(1306, 'METILERGOMETRIN MALEAT (METILERGOMETRIN) TABLET SALUT 0,125 MG\r\n', 'KOTAK 10 X`10 TABLET SALUT'),
(1307, 'METOKLOPRAMID TABLET 10 MG\r\n', 'TABLET'),
(1308, 'METRONIDAZOLE 250 MG\r\n', 'TABLET'),
(1310, 'MIKONAZOL KRIM/SALEP 2% (NITRAT)\r\n', 'TUBE'),
(1311, 'MUMMIFYING PASTA\r\n', 'BOTOL/KOTAK'),
(1314, 'METFORMIN 500 MG\r\n', '100 TAB/KTK'),
(1315, 'METRONIDAZOL TABLET 500 MG\r\n', 'TABLET'),
(1316, 'METOKLOPRAMID INJEKSI 5 MG/ML\r\n', 'AMPUL'),
(1318, 'MINYAK KAYU PUTIH\r\n', 'BOTOL'),
(1320, 'MASKER\r\n', 'BIJI'),
(1331, 'METILPREDNISOLON TABLET 8 MG\r\n', 'TABLET'),
(1401, 'NATRIUM BIKARBONAT TABLET 500 MG\r\n', 'TABLET'),
(1403, 'NATRIUM KLORIDA LART INF 0,9 %\r\n', '500 ML/BOTOL'),
(1405, 'KAOLIN TABLET (NEO DIAFORM )\r\n', 'TABLET'),
(1408, 'NIFEDIPIN TABLET 10 MG\r\n', 'TABLET'),
(1409, 'NISTATIN TABLET SALUT 500.000 IU/G\r\n', 'TABLET'),
(1410, 'NISTATIN VAGINAL TABLET SALUT 100.000 IU/G\r\n', 'TABLET'),
(1417, 'NEUROTROPIK 5000 INJEKSI(NEUROBION INJ)\r\n', 'AMPUL'),
(1432, 'NATRIUM DIKLOFENAK 25 MG\r\n', 'TABLET'),
(1501, 'OAT FDC KATAGORI I \r\n', 'PAKET'),
(1502, 'OAT KATAGORI II\r\n', 'PAKET'),
(1504, 'OAT KATAGORI ANAK \r\n', 'PAKET'),
(1506, 'OCO\r\n', 'SET'),
(1507, 'OBAT BATUK HITAM (OBH) CAIRAN\r\n', 'BOTOL 100 ML'),
(1508, 'OKSITETRASIKLIN SALEP KULIT\r\n', 'TUBE'),
(1509, 'OKSITETRASIKLIN HCL SALEP MATA 1%\r\n', 'TUBE'),
(1511, 'OKSITOSIN INJEKSI 10 IU/ML-1 ML\r\n', 'AMPUL'),
(1516, 'OMEPRAZOL 20 MG\r\n', 'KAPSUL'),
(1517, 'OCUGARD\r\n', 'KTK 30 KAP'),
(1602, 'PAPAVERIN TABLET 40 MG\r\n', 'TABLET'),
(1604, 'PARACETAMOL SYRUP 120 MG / 5 ML\r\n', '60 ML/BOTOL'),
(1606, 'PARASETAMOL TABLET 500 MG\r\n', 'TABLET'),
(1607, 'PEHACAIN INJ\r\n', 'AMPUL'),
(1614, 'PIROKSIKAM 10 MG\r\n', 'TABLET'),
(1616, 'PLESTER 5 YARDS X 2 INCH\r\n', 'ROL'),
(1618, 'POVIDON IODIDA 10%\r\n', '30 ML/BOTOL'),
(1619, 'PREDNISON 5 MG TABLET\r\n', 'TABLET'),
(1625, 'PROPANOLOL TABLET 10 MG (HCL)\r\n', 'TABLET'),
(1626, 'PROPIL TIO URASIL TABLET 100 MG\r\n', '100 TABLET/BOTOL'),
(1635, 'PIRACETAM TABLET 400 MG\r\n', 'TABLET'),
(1801, 'RANITIDIN TABLET 150 MG\r\n', 'TABLET'),
(1804, 'RESERPIN 0,25 MG TABLET\r\n', 'TABLET'),
(1807, 'RINGER LAKTAT LARUTAN INFUS\r\n', 'BOTOL 500 ML'),
(1810, 'RANITIDIN INJEKSI 25 MG/ML\r\n', 'AMPUL'),
(1901, 'SALBUTAMOL TABLET 2 MG (SEBAGAI SULFAT)\r\n', 'TABLET'),
(1902, 'SALEP 2-4, KOMBINASI : ASAM SALISILAT 2% + BELERANG ENDAP 4%\r\n', 'POT'),
(1903, 'SALISIL BEDAK 2 %\r\n', 'KOTAK 50 GR'),
(1905, 'SEMEN SENG FOSFAT SERBUK DAN CAIRAN\r\n', 'SET @ 30 GRAM/BOTOL'),
(1906, 'SERUM ATS\r\n', 'AMPUL'),
(1907, 'SILK (BENANG BEDAH SUTERA) NO. 3/0 DENGAN JARUM BEDAH\r\n', 'BIJI'),
(1914, 'SULFASETAMIDA NATRIUM TETES MATA 15 %\r\n', ' BOTOL 5 ML'),
(1915, 'DIAZEPAM SUPP', 'SUPP'),
(1923, 'SIMVASTATIN TABLET 10 MG\r\n', 'TABLET'),
(1927, 'SALBUTAMOL NEBULIZER 2,5 MG/2,5ML\r\n', 'BOTOL'),
(1936, 'SIMVASTATIN TABLET 20 MG\r\n', 'TABLET'),
(2001, 'TEMPORARY STOPPING FLETCHER (FLETCHER) SERBUK DAN CAIRAN\r\n', 'SET @ 100 GR/BOTOL'),
(2002, 'TENSIGARD\r\n', '30 KAPSUL/KOTAK'),
(2003, 'TETRASIKLIN KAP 500 MG\r\n', 'KAPSUL'),
(2006, 'TRAMADOL INJEKSI 50 MG/ML\r\n', 'AMPUL'),
(2017, 'TENSOCREPE\r\n', 'BIJI'),
(2103, 'URINE BAG', 'PCS'),
(2202, 'VITAMIN B KOMPLEKS TABLET', 'TABLET'),
(2203, 'VITAMIN B1 (TIAMIN) INJEKSI 10 MG/ ML \r\n', 'AMPUL'),
(2204, 'VITAMIN B1 (TIAMIN) TABLET 50 MG (HCL/NITRAT)\r\n', 'TABLET'),
(2205, 'VITAMIN B12 (SIANOKOBALAMIN) INJEKSI 500 MCG\r\n', 'AMPUL'),
(2206, 'VITAMIN B12 (SIANOKOBALAMIN) TABLET 50 MCG\r\n', 'TABLET'),
(2207, 'PIRIDOKSIN (VITAMIN B6) TABLET 10 MG (HCL)\r\n', 'TABLET'),
(2208, 'VITAMIN C (ASAM ASKORBAT) 50 MG\r\n', 'TABLET'),
(2209, 'VITAMIN K1 (FITOMENADION) INJ 10 MG/ML-1 ML\r\n', 'AMPUL'),
(2210, 'VITAMIN K1 (FITOMENADION) TABLET SALUT GULA 10 MG\r\n', 'TABLET'),
(2211, 'VITAMIN A 100.000 UI', '50 KAP/BOTOL'),
(2212, 'VITAMIN A 200.000 UI', '50 KAP/BOTOL'),
(2401, 'XYLOMIDON\r\n', 'VIAL'),
(2602, 'ZINK TABLET 20 MG', 'TABLET'),
(2603, 'FRAMESETIN SULFAT 1 %', 'PCS'),
(2604, 'PHARMAFIX', 'ROL'),
(2605, 'ATS INJK', 'AMPUL'),
(2606, 'ALKOHOL SWAB', 'BOX'),
(2607, 'MULTIVITAMIN SIRUP', 'BTL'),
(3000, 'kode', 'kode');

-- --------------------------------------------------------

--
-- Table structure for table `pemakaian`
--

CREATE TABLE `pemakaian` (
  `id_pemakaian` int(5) NOT NULL,
  `id_puskesmas` int(5) NOT NULL,
  `bulan` varchar(10) NOT NULL,
  `tahun` varchar(5) NOT NULL,
  `total_pemakaian` int(10) NOT NULL
) ENGINE=InnoDB DEFAULT CHARSET=latin1;

--
-- Dumping data for table `pemakaian`
--

INSERT INTO `pemakaian` (`id_pemakaian`, `id_puskesmas`, `bulan`, `tahun`, `total_pemakaian`) VALUES
(1, 1, 'Januari', '2018', 0),
(2, 1, 'Februari', '2018', 0),
(3, 3, 'April', '2018', 0),
(4, 5, 'Januari', '2018', 0),
(5, 1, 'Januari', '2018', 0),
(6, 1, 'Januari', '2018', 0),
(7, 1, 'Januari', '2018', 0),
(8, 1, 'Januari', '2018', 0),
(9, 1, 'Januari', '2018', 0),
(10, 13, 'Juli', '2018', 0),
(11, 2, 'Januari', '2018', 0),
(12, 5, 'Januari', '2018', 0),
(13, 7, 'Februari', '2018', 0),
(14, 1, 'Februari', '2', 0),
(15, 3, 'Februari', '2018', 0),
(16, 16, 'Januari', '2018', 0),
(17, 8, 'Februari', '2018', 0),
(18, 1, 'Januari', '201', 0),
(19, 1, 'Januari', '2000', 0),
(20, 9, 'Januari', '2018', 0),
(21, 20, 'April', '2018', 0),
(22, 19, 'Februari', '2018', 0),
(23, 1, 'April', '2018', 0),
(24, 10, 'November', '2018', 0),
(25, 3, 'Mei', '2000', 0),
(26, 2, 'Agustus', '2018', 0),
(27, 2, 'Agustus', '2018', 0),
(28, 2, 'Agustus', '2018', 0),
(29, 2, 'Agustus', '2018', 0),
(30, 2, 'Agustus', '2018', 0),
(31, 3, 'Oktober', '2018', 0),
(32, 19, 'Januari', '2018', 0),
(33, 13, 'April', '2018', 0),
(34, 13, 'April', '2018', 0),
(35, 5, 'Juli', '2018', 0),
(36, 17, 'Maret', '2018', 0),
(37, 10, 'Mei', '2018', 0),
(38, 10, 'Juni', '2018', 0),
(39, 11, 'Maret', '2018', 0),
(40, 12, 'Februari', '2018', 0),
(41, 3, 'Maret', '2018', 0),
(42, 6, 'April', '2018', 0),
(43, 6, 'Juni', '2018', 0),
(44, 6, 'Mei', '2018', 0),
(45, 3, 'Mei', '2018', 0),
(46, 5, 'Spetember', '2018', 0),
(47, 4, 'Mei', '2018', 0),
(48, 7, 'Agustus', '2018', 0),
(49, 11, 'Juli', '2018', 0),
(50, 11, 'Desember', '2018', 0),
(51, 11, 'Desember', '2018', 0),
(52, 11, 'Desember', '2018', 0),
(53, 11, 'Desember', '2018', 0),
(54, 11, 'Desember', '2018', 0),
(55, 11, 'Desember', '2018', 0),
(56, 11, 'November', '2018', 0),
(57, 11, 'Januari', '2018', 0),
(58, 6, 'Desember', '2018', 0),
(59, 5, 'Maret', '2018', 0),
(60, 12, 'Mei', '2018', 0),
(61, 12, 'November', '2018', 0),
(62, 3, 'Juli', '2018', 0),
(63, 3, 'Juli', '2018', 0),
(64, 3, 'Juli', '2018', 0),
(65, 3, 'Juli', '2018', 0),
(66, 4, 'Februari', '2018', 0),
(67, 4, 'Februari', '2018', 0),
(68, 4, 'Februari', '2018', 0),
(69, 4, 'Februari', '2018', 0),
(70, 4, 'Februari', '2018', 0),
(71, 4, 'Februari', '2018', 0),
(72, 4, 'Februari', '2018', 0),
(73, 4, 'Februari', '2018', 0),
(74, 4, 'Februari', '2018', 0),
(75, 4, 'Februari', '2018', 0),
(76, 4, 'Februari', '2018', 0),
(77, 4, 'Februari', '2018', 0),
(78, 5, 'April', '2018', 0),
(79, 5, 'April', '2018', 0),
(80, 5, 'April', '2018', 0),
(81, 5, 'April', '2018', 0),
(82, 3, 'Juli', '2018', 0),
(83, 3, 'Juli', '2018', 0),
(84, 16, 'Juni', '2018', 0),
(85, 8, 'Juli', '2018', 0),
(86, 8, 'Mei', '2018', 0),
(87, 4, 'November', '2018', 0),
(88, 18, 'Spetember', '2018', 0),
(89, 2, 'April', '2018', 0),
(90, 2, 'April', '2018', 0),
(91, 2, 'Agustus', '2018', 0),
(92, 2, 'Agustus', '2018', 0),
(93, 2, 'Agustus', '2018', 0),
(94, 2, 'Agustus', '2018', 0),
(95, 3, 'Agustus', '2018', 0),
(96, 6, 'Oktober', '2018', 0),
(97, 21, 'April', '2000', 0),
(98, 21, 'Februari', '2000', 0),
(99, 8, 'Juli', '2000', 0),
(100, 8, 'Juli', '2000', 0),
(101, 8, 'Juli', '2000', 0),
(102, 8, 'Juli', '2000', 0),
(103, 11, 'Juli', '2000', 0),
(104, 7, 'Mei', '2018', 0),
(105, 2, 'April', '2000', 0),
(106, 5, 'Januari', '2000', 0),
(107, 4, 'Juni', '2000', 0),
(108, 9, 'Januari', '2000', 0),
(109, 3, 'April', '2000', 0),
(110, 5, 'Mei', '2011', 0),
(111, 5, 'Mei', '2011', 0),
(112, 5, 'Maret', '2011', 0),
(113, 5, 'April', '2018', 0),
(114, 8, 'Juli', '2018', 0),
(115, 8, 'Juli', '2018', 0),
(116, 8, 'Juli', '2018', 0),
(117, 5, 'Maret', '2000', 0),
(118, 3, 'Juli', '2000', 0),
(119, 3, 'Februari', '2000', 0),
(120, 3, 'Maret', '2000', 0),
(121, 8, 'Maret', '2000', 0),
(122, 8, 'Juli', '2000', 0),
(123, 15, 'April', '2011', 0),
(124, 4, 'Juli', '2000', 0),
(125, 8, 'April', '2000', 0),
(126, 10, 'April', '2000', 0),
(127, 4, 'Juli', '2000', 0);

-- --------------------------------------------------------

--
-- Table structure for table `penerimaan`
--

CREATE TABLE `penerimaan` (
  `id_penerimaan` int(5) NOT NULL,
  `id_puskesmas` int(5) NOT NULL,
  `bulan` varchar(10) NOT NULL,
  `tahun` varchar(5) NOT NULL,
  `jumlah_penerimaan` int(10) NOT NULL
) ENGINE=InnoDB DEFAULT CHARSET=latin1;

--
-- Dumping data for table `penerimaan`
--

INSERT INTO `penerimaan` (`id_penerimaan`, `id_puskesmas`, `bulan`, `tahun`, `jumlah_penerimaan`) VALUES
(1, 1, 'Januari', '2018', 0),
(2, 1, 'Februari', '2018', 0),
(3, 3, 'April', '2018', 0),
(4, 5, 'Januari', '2018', 0),
(5, 1, 'Januari', '2018', 0),
(6, 1, 'Januari', '2018', 0),
(7, 1, 'Januari', '2018', 0),
(8, 1, 'Januari', '2018', 0),
(9, 1, 'Januari', '2018', 0),
(10, 13, 'Juli', '2018', 0),
(11, 2, 'Januari', '2018', 0),
(12, 5, 'Januari', '2018', 0),
(13, 7, 'Februari', '2018', 0),
(14, 1, 'Februari', '2', 0),
(15, 3, 'Februari', '2018', 0),
(16, 16, 'Januari', '2018', 0),
(17, 8, 'Februari', '2018', 0),
(18, 1, 'Januari', '201', 0),
(19, 1, 'Januari', '2000', 0),
(20, 9, 'Januari', '2018', 0),
(21, 20, 'April', '2018', 0),
(22, 19, 'Februari', '2018', 0),
(23, 1, 'April', '2018', 0),
(24, 10, 'November', '2018', 0),
(25, 3, 'Mei', '2000', 0),
(26, 2, 'Agustus', '2018', 0),
(27, 2, 'Agustus', '2018', 0),
(28, 2, 'Agustus', '2018', 0),
(29, 2, 'Agustus', '2018', 0),
(30, 2, 'Agustus', '2018', 0),
(31, 3, 'Oktober', '2018', 0),
(32, 19, 'Januari', '2018', 0),
(33, 13, 'April', '2018', 0),
(34, 13, 'April', '2018', 0),
(35, 5, 'Juli', '2018', 0),
(36, 17, 'Maret', '2018', 0),
(37, 10, 'Mei', '2018', 0),
(38, 10, 'Juni', '2018', 0),
(39, 11, 'Maret', '2018', 0),
(40, 12, 'Februari', '2018', 0),
(41, 3, 'Maret', '2018', 0),
(42, 6, 'April', '2018', 0),
(43, 6, 'Juni', '2018', 0),
(44, 6, 'Mei', '2018', 0),
(45, 3, 'Mei', '2018', 0),
(46, 5, 'Spetember', '2018', 0),
(47, 4, 'Mei', '2018', 0),
(48, 7, 'Agustus', '2018', 0),
(49, 11, 'Juli', '2018', 0),
(50, 11, 'Desember', '2018', 0),
(51, 11, 'Desember', '2018', 0),
(52, 11, 'Desember', '2018', 0),
(53, 11, 'Desember', '2018', 0),
(54, 11, 'Desember', '2018', 0),
(55, 11, 'Desember', '2018', 0),
(56, 11, 'November', '2018', 0),
(57, 11, 'Januari', '2018', 0),
(58, 6, 'Desember', '2018', 0),
(59, 5, 'Maret', '2018', 0),
(60, 12, 'Mei', '2018', 0),
(61, 12, 'November', '2018', 0),
(62, 3, 'Juli', '2018', 0),
(63, 3, 'Juli', '2018', 0),
(64, 3, 'Juli', '2018', 0),
(65, 3, 'Juli', '2018', 0),
(66, 4, 'Februari', '2018', 0),
(67, 4, 'Februari', '2018', 0),
(68, 4, 'Februari', '2018', 0),
(69, 4, 'Februari', '2018', 0),
(70, 4, 'Februari', '2018', 0),
(71, 4, 'Februari', '2018', 0),
(72, 4, 'Februari', '2018', 0),
(73, 4, 'Februari', '2018', 0),
(74, 4, 'Februari', '2018', 0),
(75, 4, 'Februari', '2018', 0),
(76, 4, 'Februari', '2018', 0),
(77, 4, 'Februari', '2018', 0),
(78, 5, 'April', '2018', 0),
(79, 5, 'April', '2018', 0),
(80, 5, 'April', '2018', 0),
(81, 5, 'April', '2018', 0),
(82, 3, 'Juli', '2018', 0),
(83, 3, 'Juli', '2018', 0),
(84, 16, 'Juni', '2018', 0),
(85, 8, 'Juli', '2018', 0),
(86, 8, 'Mei', '2018', 0),
(87, 4, 'November', '2018', 0),
(88, 18, 'Spetember', '2018', 0),
(89, 2, 'April', '2018', 0),
(90, 2, 'April', '2018', 0),
(91, 2, 'Agustus', '2018', 0),
(92, 2, 'Agustus', '2018', 0),
(93, 2, 'Agustus', '2018', 0),
(94, 2, 'Agustus', '2018', 0),
(95, 3, 'Agustus', '2018', 0),
(96, 6, 'Oktober', '2018', 0),
(97, 21, 'April', '2000', 0),
(98, 21, 'Februari', '2000', 0),
(99, 8, 'Juli', '2000', 0),
(100, 8, 'Juli', '2000', 0),
(101, 8, 'Juli', '2000', 0),
(102, 8, 'Juli', '2000', 0),
(103, 11, 'Juli', '2000', 0),
(104, 7, 'Mei', '2018', 0),
(105, 2, 'April', '2000', 0),
(106, 5, 'Januari', '2000', 0),
(107, 4, 'Juni', '2000', 0),
(108, 9, 'Januari', '2000', 0),
(109, 3, 'April', '2000', 0),
(110, 5, 'Mei', '2011', 0),
(111, 5, 'Mei', '2011', 0),
(112, 5, 'Maret', '2011', 0),
(113, 5, 'April', '2018', 0),
(114, 8, 'Juli', '2018', 0),
(115, 8, 'Juli', '2018', 0),
(116, 8, 'Juli', '2018', 0),
(117, 5, 'Maret', '2000', 0),
(118, 3, 'Juli', '2000', 0),
(119, 3, 'Februari', '2000', 0),
(120, 3, 'Maret', '2000', 0),
(121, 8, 'Maret', '2000', 0),
(122, 8, 'Juli', '2000', 0),
(123, 15, 'April', '2011', 0),
(124, 4, 'Juli', '2000', 0),
(125, 8, 'April', '2000', 0),
(126, 10, 'April', '2000', 0),
(127, 4, 'Juli', '2000', 0);

-- --------------------------------------------------------

--
-- Table structure for table `persediaan`
--

CREATE TABLE `persediaan` (
  `id_persediaan` int(5) NOT NULL,
  `id_puskesmas` int(5) NOT NULL,
  `kode` int(5) NOT NULL,
  `bulan` varchar(10) NOT NULL,
  `tahun` varchar(5) NOT NULL,
  `stok_awal` int(10) NOT NULL,
  `persediaan` int(10) NOT NULL,
  `sisa_stok` int(10) NOT NULL,
  `permintaan` int(10) NOT NULL,
  `pemberian` int(10) NOT NULL
) ENGINE=InnoDB DEFAULT CHARSET=latin1;

--
-- Dumping data for table `persediaan`
--

INSERT INTO `persediaan` (`id_persediaan`, `id_puskesmas`, `kode`, `bulan`, `tahun`, `stok_awal`, `persediaan`, `sisa_stok`, `permintaan`, `pemberian`) VALUES
(1, 1, 101, 'Januari', '2018', 202, 202, 191, 0, 0),
(2, 1, 102, 'Januari', '2018', 333, 333, 318, 0, 0),
(3, 1, 103, 'Januari', '2018', 516, 516, 500, 0, 0),
(4, 1, 104, 'Januari', '2018', 873, 873, 863, 1000, 0),
(5, 1, 106, 'Januari', '2018', 0, 0, 0, 0, 0),
(6, 1, 107, 'Januari', '2018', 855, 855, 855, 500, 0),
(7, 1, 108, 'Januari', '2018', 979, 979, 966, 500, 0),
(8, 1, 109, 'Januari', '2018', 96, 96, 96, 0, 0),
(9, 1, 110, 'Januari', '2018', 0, 0, 0, 0, 0),
(10, 1, 111, 'Januari', '2018', 253, 353, 27, 1000, 0),
(11, 1, 101, 'Februari', '2018', 202, 202, 191, 0, 0),
(12, 1, 102, 'Februari', '2018', 333, 333, 318, 0, 0),
(13, 1, 103, 'Februari', '2018', 516, 516, 500, 0, 0),
(14, 1, 104, 'Februari', '2018', 873, 873, 863, 1000, 0),
(15, 1, 106, 'Februari', '2018', 0, 0, 0, 0, 0),
(16, 1, 107, 'Februari', '2018', 855, 855, 855, 500, 0),
(17, 1, 108, 'Februari', '2018', 979, 979, 966, 500, 0),
(18, 1, 109, 'Februari', '2018', 96, 96, 96, 0, 0),
(19, 1, 110, 'Februari', '2018', 0, 0, 0, 0, 0),
(20, 1, 111, 'Februari', '2018', 253, 353, 27, 1000, 0),
(21, 3, 101, 'April', '2018', 202, 202, 191, 0, 0),
(22, 3, 102, 'April', '2018', 333, 333, 318, 0, 0),
(23, 3, 103, 'April', '2018', 516, 516, 500, 0, 0),
(24, 3, 104, 'April', '2018', 873, 873, 863, 1000, 0),
(25, 3, 106, 'April', '2018', 0, 0, 0, 0, 0),
(26, 3, 107, 'April', '2018', 855, 855, 855, 500, 0),
(27, 3, 108, 'April', '2018', 979, 979, 966, 500, 0),
(28, 3, 109, 'April', '2018', 96, 96, 96, 0, 0),
(29, 3, 110, 'April', '2018', 0, 0, 0, 0, 0),
(30, 3, 111, 'April', '2018', 253, 353, 27, 1000, 0),
(31, 13, 101, 'Juli', '2018', 202, 202, 191, 0, 0),
(32, 13, 102, 'Juli', '2018', 333, 333, 318, 0, 0),
(33, 13, 103, 'Juli', '2018', 516, 516, 500, 0, 0),
(34, 13, 104, 'Juli', '2018', 873, 873, 863, 1000, 0),
(35, 13, 106, 'Juli', '2018', 0, 0, 0, 0, 0),
(36, 13, 107, 'Juli', '2018', 855, 855, 855, 500, 0),
(37, 13, 108, 'Juli', '2018', 979, 979, 966, 500, 0),
(38, 13, 109, 'Juli', '2018', 96, 96, 96, 0, 0),
(39, 13, 110, 'Juli', '2018', 0, 0, 0, 0, 0),
(40, 13, 111, 'Juli', '2018', 253, 353, 27, 1000, 0),
(41, 5, 101, 'Januari', '2018', 202, 202, 191, 0, 0),
(42, 5, 102, 'Januari', '2018', 333, 333, 318, 0, 0),
(43, 5, 103, 'Januari', '2018', 516, 516, 500, 0, 0),
(44, 5, 104, 'Januari', '2018', 873, 873, 863, 1000, 0),
(45, 5, 106, 'Januari', '2018', 0, 0, 0, 0, 0),
(46, 5, 107, 'Januari', '2018', 855, 855, 855, 500, 0),
(47, 5, 108, 'Januari', '2018', 979, 979, 966, 500, 0),
(48, 5, 109, 'Januari', '2018', 96, 96, 96, 0, 0),
(49, 5, 110, 'Januari', '2018', 0, 0, 0, 0, 0),
(50, 5, 111, 'Januari', '2018', 253, 353, 27, 1000, 0),
(51, 7, 101, 'Februari', '2018', 202, 202, 191, 0, 0),
(52, 7, 102, 'Februari', '2018', 333, 333, 318, 0, 0),
(53, 7, 103, 'Februari', '2018', 516, 516, 500, 0, 0),
(54, 7, 104, 'Februari', '2018', 873, 873, 863, 1000, 0),
(55, 7, 106, 'Februari', '2018', 0, 0, 0, 0, 0),
(56, 7, 107, 'Februari', '2018', 855, 855, 855, 500, 0),
(57, 7, 108, 'Februari', '2018', 979, 979, 966, 500, 0),
(58, 7, 109, 'Februari', '2018', 96, 96, 96, 0, 0),
(59, 7, 110, 'Februari', '2018', 0, 0, 0, 0, 0),
(60, 7, 111, 'Februari', '2018', 253, 353, 27, 1000, 0),
(61, 1, 101, 'Februari', '2', 202, 202, 191, 0, 0),
(62, 1, 102, 'Februari', '2', 333, 333, 318, 0, 0),
(63, 1, 103, 'Februari', '2', 516, 516, 500, 0, 0),
(64, 1, 104, 'Februari', '2', 873, 873, 863, 1000, 0),
(65, 1, 106, 'Februari', '2', 0, 0, 0, 0, 0),
(66, 1, 107, 'Februari', '2', 855, 855, 855, 500, 0),
(67, 1, 108, 'Februari', '2', 979, 979, 966, 500, 0),
(68, 1, 109, 'Februari', '2', 96, 96, 96, 0, 0),
(69, 1, 110, 'Februari', '2', 0, 0, 0, 0, 0),
(70, 1, 111, 'Februari', '2', 253, 353, 27, 1000, 0),
(71, 3, 101, 'Februari', '2018', 202, 202, 191, 0, 0),
(72, 3, 102, 'Februari', '2018', 333, 333, 318, 0, 0),
(73, 3, 103, 'Februari', '2018', 516, 516, 500, 0, 0),
(74, 3, 104, 'Februari', '2018', 873, 873, 863, 1000, 0),
(75, 3, 106, 'Februari', '2018', 0, 0, 0, 0, 0),
(76, 3, 107, 'Februari', '2018', 855, 855, 855, 500, 0),
(77, 3, 108, 'Februari', '2018', 979, 979, 966, 500, 0),
(78, 3, 109, 'Februari', '2018', 96, 96, 96, 0, 0),
(79, 3, 110, 'Februari', '2018', 0, 0, 0, 0, 0),
(80, 3, 111, 'Februari', '2018', 253, 353, 27, 1000, 0),
(81, 16, 101, 'Januari', '2018', 202, 202, 191, 0, 0),
(82, 16, 102, 'Januari', '2018', 333, 333, 318, 0, 0),
(83, 16, 103, 'Januari', '2018', 516, 516, 500, 0, 0),
(84, 16, 104, 'Januari', '2018', 873, 873, 863, 1000, 0),
(85, 16, 106, 'Januari', '2018', 0, 0, 0, 0, 0),
(86, 16, 107, 'Januari', '2018', 855, 855, 855, 500, 0),
(87, 16, 108, 'Januari', '2018', 979, 979, 966, 500, 0),
(88, 16, 109, 'Januari', '2018', 96, 96, 96, 0, 0),
(89, 16, 110, 'Januari', '2018', 0, 0, 0, 0, 0),
(90, 16, 111, 'Januari', '2018', 253, 353, 27, 1000, 0),
(91, 8, 101, 'Februari', '2018', 202, 202, 191, 0, 0),
(92, 8, 102, 'Februari', '2018', 333, 333, 318, 0, 0),
(93, 8, 103, 'Februari', '2018', 516, 516, 500, 0, 0),
(94, 8, 104, 'Februari', '2018', 873, 873, 863, 1000, 0),
(95, 8, 106, 'Februari', '2018', 0, 0, 0, 0, 0),
(96, 8, 107, 'Februari', '2018', 855, 855, 855, 500, 0),
(97, 8, 108, 'Februari', '2018', 979, 979, 966, 500, 0),
(98, 8, 109, 'Februari', '2018', 96, 96, 96, 0, 0),
(99, 8, 110, 'Februari', '2018', 0, 0, 0, 0, 0),
(100, 8, 111, 'Februari', '2018', 253, 353, 27, 1000, 0),
(101, 1, 101, 'Januari', '201', 202, 202, 191, 0, 0),
(102, 1, 102, 'Januari', '201', 333, 333, 318, 0, 0),
(103, 1, 103, 'Januari', '201', 516, 516, 500, 0, 0),
(104, 1, 104, 'Januari', '201', 873, 873, 863, 1000, 0),
(105, 1, 106, 'Januari', '201', 0, 0, 0, 0, 0),
(106, 1, 107, 'Januari', '201', 855, 855, 855, 500, 0),
(107, 1, 108, 'Januari', '201', 979, 979, 966, 500, 0),
(108, 1, 109, 'Januari', '201', 96, 96, 96, 0, 0),
(109, 1, 110, 'Januari', '201', 0, 0, 0, 0, 0),
(110, 1, 111, 'Januari', '201', 253, 353, 27, 1000, 0),
(111, 1, 101, 'Januari', '2000', 202, 202, 191, 0, 0),
(112, 1, 102, 'Januari', '2000', 333, 333, 318, 0, 0),
(113, 1, 103, 'Januari', '2000', 516, 516, 500, 0, 0),
(114, 1, 104, 'Januari', '2000', 873, 873, 863, 1000, 0),
(115, 1, 106, 'Januari', '2000', 0, 0, 0, 0, 0),
(116, 1, 107, 'Januari', '2000', 855, 855, 855, 500, 0),
(117, 1, 108, 'Januari', '2000', 979, 979, 966, 500, 0),
(118, 1, 109, 'Januari', '2000', 96, 96, 96, 0, 0),
(119, 1, 110, 'Januari', '2000', 0, 0, 0, 0, 0),
(120, 1, 111, 'Januari', '2000', 253, 353, 27, 1000, 0),
(121, 9, 101, 'Januari', '2018', 202, 202, 191, 0, 0),
(122, 9, 102, 'Januari', '2018', 333, 333, 318, 0, 0),
(123, 9, 103, 'Januari', '2018', 516, 516, 500, 0, 0),
(124, 9, 104, 'Januari', '2018', 873, 873, 863, 1000, 0),
(125, 9, 106, 'Januari', '2018', 0, 0, 0, 0, 0),
(126, 9, 107, 'Januari', '2018', 855, 855, 855, 500, 0),
(127, 9, 108, 'Januari', '2018', 979, 979, 966, 500, 0),
(128, 9, 109, 'Januari', '2018', 96, 96, 96, 0, 0),
(129, 9, 110, 'Januari', '2018', 0, 0, 0, 0, 0),
(130, 9, 111, 'Januari', '2018', 253, 353, 27, 1000, 0),
(131, 20, 101, 'April', '2018', 202, 202, 191, 0, 0),
(132, 20, 102, 'April', '2018', 333, 333, 318, 0, 0),
(133, 20, 103, 'April', '2018', 516, 516, 500, 0, 0),
(134, 20, 104, 'April', '2018', 873, 873, 863, 1000, 0),
(135, 20, 106, 'April', '2018', 0, 0, 0, 0, 0),
(136, 20, 107, 'April', '2018', 855, 855, 855, 500, 0),
(137, 20, 108, 'April', '2018', 979, 979, 966, 500, 0),
(138, 20, 109, 'April', '2018', 96, 96, 96, 0, 0),
(139, 20, 110, 'April', '2018', 0, 0, 0, 0, 0),
(140, 20, 111, 'April', '2018', 253, 353, 27, 1000, 0),
(141, 3, 101, 'Mei', '2000', 202, 202, 191, 0, 0),
(142, 3, 102, 'Mei', '2000', 333, 333, 318, 0, 0),
(143, 3, 103, 'Mei', '2000', 516, 516, 500, 0, 0),
(144, 3, 104, 'Mei', '2000', 873, 873, 863, 1000, 0),
(145, 3, 106, 'Mei', '2000', 0, 0, 0, 0, 0),
(146, 3, 107, 'Mei', '2000', 855, 855, 855, 500, 0),
(147, 3, 108, 'Mei', '2000', 979, 979, 966, 500, 0),
(148, 3, 109, 'Mei', '2000', 96, 96, 96, 0, 0),
(149, 3, 110, 'Mei', '2000', 0, 0, 0, 0, 0),
(150, 3, 111, 'Mei', '2000', 253, 353, 27, 1000, 0),
(151, 13, 101, 'April', '2018', 202, 202, 191, 0, 0),
(152, 13, 102, 'April', '2018', 333, 333, 318, 0, 0),
(153, 13, 103, 'April', '2018', 516, 516, 500, 0, 0),
(154, 13, 104, 'April', '2018', 873, 873, 863, 1000, 0),
(155, 13, 106, 'April', '2018', 0, 0, 0, 0, 0),
(156, 13, 107, 'April', '2018', 855, 855, 855, 500, 0),
(157, 13, 108, 'April', '2018', 979, 979, 966, 500, 0),
(158, 13, 109, 'April', '2018', 96, 96, 96, 0, 0),
(159, 13, 110, 'April', '2018', 0, 0, 0, 0, 0),
(160, 13, 111, 'April', '2018', 253, 353, 27, 1000, 0),
(161, 10, 101, 'Mei', '2018', 202, 202, 191, 0, 0),
(162, 10, 102, 'Mei', '2018', 333, 333, 318, 0, 0),
(163, 10, 103, 'Mei', '2018', 516, 516, 500, 0, 0),
(164, 10, 104, 'Mei', '2018', 873, 873, 863, 1000, 0),
(165, 10, 105, 'Mei', '2018', 0, 0, 0, 0, 0),
(166, 10, 106, 'Mei', '2018', 855, 855, 855, 500, 0),
(167, 10, 107, 'Mei', '2018', 979, 979, 966, 500, 0),
(168, 10, 108, 'Mei', '2018', 96, 96, 96, 0, 0),
(169, 10, 109, 'Mei', '2018', 0, 0, 0, 0, 0),
(170, 10, 110, 'Mei', '2018', 253, 353, 27, 1000, 0),
(171, 10, 101, 'Juni', '2018', 1000, 1000, 991, 0, 0),
(172, 10, 102, 'Juni', '2018', 333, 333, 318, 0, 0),
(173, 10, 103, 'Juni', '2018', 516, 516, 500, 0, 0),
(174, 10, 104, 'Juni', '2018', 873, 873, 863, 1000, 0),
(175, 10, 105, 'Juni', '2018', 0, 0, 0, 0, 0),
(176, 10, 106, 'Juni', '2018', 855, 855, 855, 500, 0),
(177, 10, 107, 'Juni', '2018', 979, 979, 966, 500, 0),
(178, 10, 108, 'Juni', '2018', 96, 96, 96, 0, 0),
(179, 10, 109, 'Juni', '2018', 190, 0, 190, 0, 0),
(180, 10, 110, 'Juni', '2018', 253, 353, 27, 1000, 0),
(181, 11, 101, 'Maret', '2018', 202, 202, 191, 0, 0),
(182, 11, 102, 'Maret', '2018', 333, 333, 318, 0, 0),
(183, 11, 103, 'Maret', '2018', 516, 516, 500, 0, 0),
(184, 11, 104, 'Maret', '2018', 873, 873, 863, 1000, 0),
(185, 11, 105, 'Maret', '2018', 0, 0, 0, 0, 0),
(186, 11, 106, 'Maret', '2018', 855, 855, 855, 500, 0),
(187, 11, 107, 'Maret', '2018', 979, 979, 966, 500, 0),
(188, 11, 108, 'Maret', '2018', 96, 96, 96, 0, 0),
(189, 11, 109, 'Maret', '2018', 0, 0, 0, 0, 0),
(190, 11, 110, 'Maret', '2018', 253, 353, 27, 1000, 0),
(191, 12, 101, 'Februari', '2018', 202, 202, 191, 0, 0),
(192, 12, 102, 'Februari', '2018', 333, 333, 318, 0, 0),
(193, 12, 103, 'Februari', '2018', 516, 516, 500, 0, 0),
(194, 12, 104, 'Februari', '2018', 873, 873, 863, 1000, 0),
(195, 12, 105, 'Februari', '2018', 0, 0, 0, 0, 0),
(196, 12, 106, 'Februari', '2018', 855, 855, 855, 500, 0),
(197, 12, 107, 'Februari', '2018', 979, 979, 966, 500, 0),
(198, 12, 108, 'Februari', '2018', 96, 96, 96, 0, 0),
(199, 12, 109, 'Februari', '2018', 0, 0, 0, 0, 0),
(200, 12, 110, 'Februari', '2018', 253, 353, 27, 1000, 0),
(201, 3, 101, 'Maret', '2018', 202, 202, 191, 0, 0),
(202, 3, 102, 'Maret', '2018', 333, 333, 318, 0, 0),
(203, 3, 103, 'Maret', '2018', 516, 516, 500, 0, 0),
(204, 3, 104, 'Maret', '2018', 873, 873, 863, 1000, 0),
(205, 3, 105, 'Maret', '2018', 0, 0, 0, 0, 0),
(206, 3, 106, 'Maret', '2018', 855, 855, 855, 500, 0),
(207, 3, 107, 'Maret', '2018', 979, 979, 966, 500, 0),
(208, 3, 108, 'Maret', '2018', 96, 96, 96, 0, 0),
(209, 3, 109, 'Maret', '2018', 0, 0, 0, 0, 0),
(210, 3, 110, 'Maret', '2018', 253, 353, 27, 1000, 0),
(211, 6, 101, 'April', '2018', 202, 202, 191, 0, 0),
(212, 6, 102, 'April', '2018', 333, 333, 318, 0, 0),
(213, 6, 103, 'April', '2018', 516, 516, 500, 0, 0),
(214, 6, 104, 'April', '2018', 873, 873, 863, 1000, 0),
(215, 6, 105, 'April', '2018', 0, 0, 0, 0, 0),
(216, 6, 106, 'April', '2018', 855, 855, 855, 500, 0),
(217, 6, 107, 'April', '2018', 979, 979, 966, 500, 0),
(218, 6, 108, 'April', '2018', 96, 96, 96, 0, 0),
(219, 6, 109, 'April', '2018', 0, 0, 0, 0, 0),
(220, 6, 110, 'April', '2018', 253, 353, 27, 1000, 0),
(221, 6, 101, 'Juni', '2018', 202, 202, 191, 0, 0),
(222, 6, 102, 'Juni', '2018', 333, 333, 318, 0, 0),
(223, 6, 103, 'Juni', '2018', 516, 516, 500, 0, 0),
(224, 6, 104, 'Juni', '2018', 873, 873, 863, 1000, 0),
(225, 6, 105, 'Juni', '2018', 0, 0, 0, 0, 0),
(226, 6, 106, 'Juni', '2018', 855, 855, 855, 500, 0),
(227, 6, 107, 'Juni', '2018', 979, 979, 966, 500, 0),
(228, 6, 108, 'Juni', '2018', 96, 96, 96, 0, 0),
(229, 6, 109, 'Juni', '2018', 0, 0, 0, 0, 0),
(230, 6, 110, 'Juni', '2018', 253, 353, 27, 1000, 0),
(231, 6, 101, 'Mei', '2018', 202, 202, 191, 0, 0),
(232, 6, 102, 'Mei', '2018', 333, 333, 318, 0, 0),
(233, 6, 103, 'Mei', '2018', 516, 516, 500, 0, 0),
(234, 6, 104, 'Mei', '2018', 873, 873, 863, 1000, 0),
(235, 6, 105, 'Mei', '2018', 0, 0, 0, 0, 0),
(236, 6, 106, 'Mei', '2018', 855, 855, 855, 500, 0),
(237, 6, 107, 'Mei', '2018', 979, 979, 966, 500, 0),
(238, 6, 108, 'Mei', '2018', 96, 96, 96, 0, 0),
(239, 6, 109, 'Mei', '2018', 0, 0, 0, 0, 0),
(240, 6, 110, 'Mei', '2018', 253, 353, 27, 1000, 0),
(241, 3, 101, 'Mei', '2018', 202, 202, 191, 0, 0),
(242, 3, 102, 'Mei', '2018', 333, 333, 318, 0, 0),
(243, 3, 103, 'Mei', '2018', 516, 516, 500, 0, 0),
(244, 3, 104, 'Mei', '2018', 873, 873, 863, 1000, 0),
(245, 3, 105, 'Mei', '2018', 0, 0, 0, 0, 0),
(246, 3, 106, 'Mei', '2018', 855, 855, 855, 500, 0),
(247, 3, 107, 'Mei', '2018', 979, 979, 966, 500, 0),
(248, 3, 108, 'Mei', '2018', 96, 96, 96, 0, 0),
(249, 3, 109, 'Mei', '2018', 0, 0, 0, 0, 0),
(250, 3, 110, 'Mei', '2018', 253, 353, 27, 1000, 0),
(251, 5, 101, 'Spetember', '2018', 202, 202, 191, 0, 0),
(252, 5, 102, 'Spetember', '2018', 333, 333, 318, 0, 0),
(253, 5, 103, 'Spetember', '2018', 516, 516, 500, 0, 0),
(254, 5, 104, 'Spetember', '2018', 873, 873, 863, 1000, 0),
(255, 5, 105, 'Spetember', '2018', 0, 0, 0, 0, 0),
(256, 5, 106, 'Spetember', '2018', 855, 855, 855, 500, 0),
(257, 5, 107, 'Spetember', '2018', 979, 979, 966, 500, 0),
(258, 5, 108, 'Spetember', '2018', 96, 96, 96, 0, 0),
(259, 5, 109, 'Spetember', '2018', 0, 0, 0, 0, 0),
(260, 5, 110, 'Spetember', '2018', 253, 353, 27, 1000, 0),
(261, 4, 101, 'Mei', '2018', 202, 202, 191, 0, 0),
(262, 4, 102, 'Mei', '2018', 333, 333, 318, 0, 0),
(263, 4, 103, 'Mei', '2018', 516, 516, 500, 0, 0),
(264, 4, 104, 'Mei', '2018', 873, 873, 863, 1000, 0),
(265, 4, 105, 'Mei', '2018', 0, 0, 0, 0, 0),
(266, 4, 106, 'Mei', '2018', 855, 855, 855, 500, 0),
(267, 4, 107, 'Mei', '2018', 979, 979, 966, 500, 0),
(268, 4, 108, 'Mei', '2018', 96, 96, 96, 0, 0),
(269, 4, 109, 'Mei', '2018', 0, 0, 0, 0, 0),
(270, 4, 110, 'Mei', '2018', 253, 353, 27, 1000, 0),
(271, 7, 101, 'Agustus', '2018', 202, 202, 191, 0, 0),
(272, 7, 102, 'Agustus', '2018', 333, 333, 318, 0, 0),
(273, 7, 103, 'Agustus', '2018', 516, 516, 500, 0, 0),
(274, 7, 104, 'Agustus', '2018', 873, 873, 863, 1000, 0),
(275, 7, 105, 'Agustus', '2018', 0, 0, 0, 0, 0),
(276, 7, 106, 'Agustus', '2018', 855, 855, 855, 500, 0),
(277, 7, 107, 'Agustus', '2018', 979, 979, 966, 500, 0),
(278, 7, 108, 'Agustus', '2018', 96, 96, 96, 0, 0),
(279, 7, 109, 'Agustus', '2018', 0, 0, 0, 0, 0),
(280, 7, 110, 'Agustus', '2018', 253, 353, 27, 1000, 0),
(281, 11, 101, 'Desember', '2018', 202, 202, 191, 0, 0),
(282, 11, 102, 'Desember', '2018', 333, 333, 318, 0, 0),
(283, 11, 103, 'Desember', '2018', 516, 516, 500, 0, 0),
(284, 11, 104, 'Desember', '2018', 873, 873, 863, 1000, 0),
(285, 11, 105, 'Desember', '2018', 0, 0, 0, 0, 0),
(286, 11, 106, 'Desember', '2018', 855, 855, 855, 500, 0),
(287, 11, 107, 'Desember', '2018', 979, 979, 966, 500, 0),
(288, 11, 108, 'Desember', '2018', 96, 96, 96, 0, 0),
(289, 11, 109, 'Desember', '2018', 0, 0, 0, 0, 0),
(290, 11, 110, 'Desember', '2018', 253, 353, 27, 1000, 0),
(291, 11, 101, 'November', '2018', 202, 202, 191, 0, 0),
(292, 11, 102, 'November', '2018', 333, 333, 318, 0, 0),
(293, 11, 103, 'November', '2018', 516, 516, 500, 0, 0),
(294, 11, 104, 'November', '2018', 873, 873, 863, 1000, 0),
(295, 11, 105, 'November', '2018', 0, 0, 0, 0, 0),
(296, 11, 106, 'November', '2018', 855, 855, 855, 500, 0),
(297, 11, 107, 'November', '2018', 979, 979, 966, 500, 0),
(298, 11, 108, 'November', '2018', 96, 96, 96, 0, 0),
(299, 11, 109, 'November', '2018', 0, 0, 0, 0, 0),
(300, 11, 110, 'November', '2018', 253, 353, 27, 1000, 0),
(301, 11, 101, 'Januari', '2018', 1000, 1000, 991, 0, 0),
(302, 11, 102, 'Januari', '2018', 333, 333, 318, 0, 0),
(303, 11, 103, 'Januari', '2018', 516, 516, 500, 0, 0),
(304, 11, 104, 'Januari', '2018', 873, 873, 863, 1000, 0),
(305, 11, 105, 'Januari', '2018', 0, 0, 0, 0, 0),
(306, 11, 106, 'Januari', '2018', 855, 855, 855, 500, 0),
(307, 11, 107, 'Januari', '2018', 979, 979, 966, 500, 0),
(308, 11, 108, 'Januari', '2018', 96, 96, 96, 0, 0),
(309, 11, 109, 'Januari', '2018', 190, 0, 190, 0, 0),
(310, 11, 110, 'Januari', '2018', 253, 353, 27, 1000, 0),
(311, 6, 101, 'Desember', '2018', 202, 202, 191, 0, 0),
(312, 6, 102, 'Desember', '2018', 333, 333, 318, 0, 0),
(313, 6, 103, 'Desember', '2018', 516, 516, 500, 0, 0),
(314, 6, 104, 'Desember', '2018', 873, 873, 863, 1000, 0),
(315, 6, 105, 'Desember', '2018', 0, 0, 0, 0, 0),
(316, 6, 106, 'Desember', '2018', 855, 855, 855, 500, 0),
(317, 6, 107, 'Desember', '2018', 979, 979, 966, 500, 0),
(318, 6, 108, 'Desember', '2018', 96, 96, 96, 0, 0),
(319, 6, 109, 'Desember', '2018', 0, 0, 0, 0, 0),
(320, 6, 110, 'Desember', '2018', 253, 353, 27, 1000, 0),
(321, 5, 101, 'Maret', '2018', 202, 202, 191, 0, 0),
(322, 5, 102, 'Maret', '2018', 333, 333, 318, 0, 0),
(323, 5, 103, 'Maret', '2018', 516, 516, 500, 0, 0),
(324, 5, 104, 'Maret', '2018', 873, 873, 863, 1000, 0),
(325, 5, 105, 'Maret', '2018', 0, 0, 0, 0, 0),
(326, 5, 106, 'Maret', '2018', 855, 855, 855, 500, 0),
(327, 5, 107, 'Maret', '2018', 979, 979, 966, 500, 0),
(328, 5, 108, 'Maret', '2018', 96, 96, 96, 0, 0),
(329, 5, 109, 'Maret', '2018', 0, 0, 0, 0, 0),
(330, 5, 110, 'Maret', '2018', 253, 353, 27, 1000, 0),
(331, 12, 101, 'Mei', '2018', 202, 202, 191, 0, 0),
(332, 12, 102, 'Mei', '2018', 333, 333, 318, 0, 0),
(333, 12, 103, 'Mei', '2018', 516, 516, 500, 0, 0),
(334, 12, 104, 'Mei', '2018', 873, 873, 863, 1000, 0),
(335, 12, 105, 'Mei', '2018', 0, 0, 0, 0, 0),
(336, 12, 106, 'Mei', '2018', 855, 855, 855, 500, 0),
(337, 12, 107, 'Mei', '2018', 979, 979, 966, 500, 0),
(338, 12, 108, 'Mei', '2018', 96, 96, 96, 0, 0),
(339, 12, 109, 'Mei', '2018', 0, 0, 0, 0, 0),
(340, 12, 110, 'Mei', '2018', 253, 353, 27, 1000, 0),
(341, 12, 101, 'November', '2018', 202, 202, 191, 0, 0),
(342, 12, 102, 'November', '2018', 333, 333, 318, 0, 0),
(343, 12, 103, 'November', '2018', 516, 516, 500, 0, 0),
(344, 12, 104, 'November', '2018', 873, 873, 863, 1000, 0),
(345, 12, 105, 'November', '2018', 0, 0, 0, 0, 0),
(346, 12, 106, 'November', '2018', 855, 855, 855, 500, 0),
(347, 12, 107, 'November', '2018', 979, 979, 966, 500, 0),
(348, 12, 108, 'November', '2018', 96, 96, 96, 0, 0),
(349, 12, 109, 'November', '2018', 0, 0, 0, 0, 0),
(350, 12, 110, 'November', '2018', 253, 353, 27, 1000, 0),
(351, 3, 101, 'Juli', '2018', 202, 202, 191, 0, 0),
(352, 3, 102, 'Juli', '2018', 333, 333, 318, 0, 0),
(353, 3, 103, 'Juli', '2018', 516, 516, 500, 0, 0),
(354, 3, 104, 'Juli', '2018', 873, 873, 863, 1000, 0),
(355, 3, 105, 'Juli', '2018', 0, 0, 0, 0, 0),
(356, 3, 106, 'Juli', '2018', 855, 855, 855, 500, 0),
(357, 3, 107, 'Juli', '2018', 979, 979, 966, 500, 0),
(358, 3, 108, 'Juli', '2018', 96, 96, 96, 0, 0),
(359, 3, 109, 'Juli', '2018', 0, 0, 0, 0, 0),
(360, 3, 110, 'Juli', '2018', 253, 353, 27, 1000, 0),
(361, 16, 101, 'Juni', '2018', 202, 202, 191, 0, 0),
(362, 16, 102, 'Juni', '2018', 333, 333, 318, 0, 0),
(363, 16, 103, 'Juni', '2018', 516, 516, 500, 0, 0),
(364, 16, 104, 'Juni', '2018', 873, 873, 863, 1000, 0),
(365, 16, 105, 'Juni', '2018', 0, 0, 0, 0, 0),
(366, 16, 106, 'Juni', '2018', 855, 855, 855, 500, 0),
(367, 16, 107, 'Juni', '2018', 979, 979, 966, 500, 0),
(368, 16, 108, 'Juni', '2018', 96, 96, 96, 0, 0),
(369, 16, 109, 'Juni', '2018', 0, 0, 0, 0, 0),
(370, 16, 110, 'Juni', '2018', 253, 353, 27, 1000, 0),
(371, 4, 101, 'November', '2018', 202, 202, 191, 0, 0),
(372, 4, 102, 'November', '2018', 333, 333, 318, 0, 0),
(373, 4, 103, 'November', '2018', 516, 516, 500, 0, 0),
(374, 4, 104, 'November', '2018', 873, 873, 863, 1000, 0),
(375, 4, 105, 'November', '2018', 0, 0, 0, 0, 0),
(376, 4, 106, 'November', '2018', 855, 855, 855, 500, 0),
(377, 4, 107, 'November', '2018', 979, 979, 966, 500, 0),
(378, 4, 108, 'November', '2018', 96, 96, 96, 0, 0),
(379, 4, 109, 'November', '2018', 0, 0, 0, 0, 0),
(380, 4, 110, 'November', '2018', 253, 353, 27, 1000, 0),
(381, 2, 101, 'Agustus', '2018', 202, 202, 191, 0, 0),
(382, 2, 102, 'Agustus', '2018', 333, 333, 318, 0, 0),
(383, 2, 103, 'Agustus', '2018', 516, 516, 500, 0, 0),
(384, 2, 104, 'Agustus', '2018', 873, 873, 863, 1000, 0),
(385, 2, 105, 'Agustus', '2018', 0, 0, 0, 0, 0),
(386, 2, 106, 'Agustus', '2018', 855, 855, 855, 500, 0),
(387, 2, 107, 'Agustus', '2018', 979, 979, 966, 500, 0),
(388, 2, 108, 'Agustus', '2018', 96, 96, 96, 0, 0),
(389, 2, 109, 'Agustus', '2018', 0, 0, 0, 0, 0),
(390, 2, 110, 'Agustus', '2018', 253, 353, 27, 1000, 0),
(391, 3, 101, 'Agustus', '2018', 202, 202, 191, 0, 0),
(392, 3, 102, 'Agustus', '2018', 333, 333, 318, 0, 0),
(393, 3, 103, 'Agustus', '2018', 516, 516, 500, 0, 0),
(394, 3, 104, 'Agustus', '2018', 873, 873, 863, 1000, 0),
(395, 3, 105, 'Agustus', '2018', 0, 0, 0, 0, 0),
(396, 3, 106, 'Agustus', '2018', 855, 855, 855, 500, 0),
(397, 3, 107, 'Agustus', '2018', 979, 979, 966, 500, 0),
(398, 3, 108, 'Agustus', '2018', 96, 96, 96, 0, 0),
(399, 3, 109, 'Agustus', '2018', 0, 0, 0, 0, 0),
(400, 3, 110, 'Agustus', '2018', 253, 353, 27, 1000, 0),
(401, 6, 101, 'Oktober', '2018', 202, 202, 191, 0, 0),
(402, 6, 102, 'Oktober', '2018', 333, 333, 318, 0, 0),
(403, 6, 103, 'Oktober', '2018', 516, 516, 500, 0, 0),
(404, 6, 104, 'Oktober', '2018', 873, 873, 863, 1000, 0),
(405, 6, 105, 'Oktober', '2018', 0, 0, 0, 0, 0),
(406, 6, 106, 'Oktober', '2018', 855, 855, 855, 500, 0),
(407, 6, 107, 'Oktober', '2018', 979, 979, 966, 500, 0),
(408, 6, 108, 'Oktober', '2018', 96, 96, 96, 0, 0),
(409, 6, 109, 'Oktober', '2018', 0, 0, 0, 0, 0),
(410, 6, 110, 'Oktober', '2018', 253, 353, 27, 1000, 0),
(411, 21, 101, 'April', '2000', 202, 202, 191, 0, 0),
(412, 21, 102, 'April', '2000', 333, 333, 318, 0, 0),
(413, 21, 103, 'April', '2000', 516, 516, 500, 0, 0),
(414, 21, 104, 'April', '2000', 873, 873, 863, 1000, 0),
(415, 21, 105, 'April', '2000', 0, 0, 0, 0, 0),
(416, 21, 106, 'April', '2000', 855, 855, 855, 500, 0),
(417, 21, 107, 'April', '2000', 979, 979, 966, 500, 0),
(418, 21, 108, 'April', '2000', 96, 96, 96, 0, 0),
(419, 21, 109, 'April', '2000', 0, 0, 0, 0, 0),
(420, 21, 110, 'April', '2000', 253, 353, 27, 1000, 0),
(421, 7, 101, 'Mei', '2018', 202, 202, 191, 0, 0),
(422, 7, 102, 'Mei', '2018', 333, 333, 318, 0, 0),
(423, 7, 103, 'Mei', '2018', 516, 516, 500, 0, 0),
(424, 7, 104, 'Mei', '2018', 873, 873, 863, 1000, 0),
(425, 7, 105, 'Mei', '2018', 0, 0, 0, 0, 0),
(426, 7, 106, 'Mei', '2018', 855, 855, 855, 500, 0),
(427, 7, 107, 'Mei', '2018', 979, 979, 966, 500, 0),
(428, 7, 108, 'Mei', '2018', 96, 96, 96, 0, 0),
(429, 7, 109, 'Mei', '2018', 0, 0, 0, 0, 0),
(430, 7, 110, 'Mei', '2018', 253, 353, 27, 1000, 0),
(431, 2, 101, 'April', '2000', 202, 202, 191, 0, 0),
(432, 2, 102, 'April', '2000', 333, 333, 318, 0, 0),
(433, 2, 103, 'April', '2000', 516, 516, 500, 0, 0),
(434, 2, 104, 'April', '2000', 873, 873, 863, 1000, 0),
(435, 2, 105, 'April', '2000', 0, 0, 0, 0, 0),
(436, 2, 106, 'April', '2000', 855, 855, 855, 500, 0),
(437, 2, 107, 'April', '2000', 979, 979, 966, 500, 0),
(438, 2, 108, 'April', '2000', 96, 96, 96, 0, 0),
(439, 2, 109, 'April', '2000', 0, 0, 0, 0, 0),
(440, 2, 110, 'April', '2000', 253, 353, 27, 1000, 0),
(441, 5, 101, 'Januari', '2000', 202, 202, 191, 0, 0),
(442, 5, 102, 'Januari', '2000', 333, 333, 318, 0, 0),
(443, 5, 103, 'Januari', '2000', 516, 516, 500, 0, 0),
(444, 5, 104, 'Januari', '2000', 873, 873, 863, 1000, 0),
(445, 5, 105, 'Januari', '2000', 0, 0, 0, 0, 0),
(446, 5, 106, 'Januari', '2000', 855, 855, 855, 500, 0),
(447, 5, 107, 'Januari', '2000', 979, 979, 966, 500, 0),
(448, 5, 108, 'Januari', '2000', 96, 96, 96, 0, 0),
(449, 5, 109, 'Januari', '2000', 0, 0, 0, 0, 0),
(450, 5, 110, 'Januari', '2000', 253, 353, 27, 1000, 0),
(451, 4, 101, 'Juni', '2000', 202, 202, 191, 0, 0),
(452, 4, 102, 'Juni', '2000', 333, 333, 318, 0, 0),
(453, 4, 103, 'Juni', '2000', 516, 516, 500, 0, 0),
(454, 4, 104, 'Juni', '2000', 873, 873, 863, 1000, 0),
(455, 4, 105, 'Juni', '2000', 0, 0, 0, 0, 0),
(456, 4, 106, 'Juni', '2000', 855, 855, 855, 500, 0),
(457, 4, 107, 'Juni', '2000', 979, 979, 966, 500, 0),
(458, 4, 108, 'Juni', '2000', 96, 96, 96, 0, 0),
(459, 4, 109, 'Juni', '2000', 0, 0, 0, 0, 0),
(460, 4, 110, 'Juni', '2000', 253, 353, 27, 1000, 0),
(461, 9, 101, 'Januari', '2000', 202, 202, 191, 0, 0),
(462, 9, 102, 'Januari', '2000', 333, 333, 318, 0, 0),
(463, 9, 103, 'Januari', '2000', 516, 516, 500, 0, 0),
(464, 9, 104, 'Januari', '2000', 873, 873, 863, 1000, 0),
(465, 9, 105, 'Januari', '2000', 0, 0, 0, 0, 0),
(466, 9, 106, 'Januari', '2000', 855, 855, 855, 500, 0),
(467, 9, 107, 'Januari', '2000', 979, 979, 966, 500, 0),
(468, 9, 108, 'Januari', '2000', 96, 96, 96, 0, 0),
(469, 9, 109, 'Januari', '2000', 0, 0, 0, 0, 0),
(470, 9, 110, 'Januari', '2000', 253, 353, 27, 1000, 0),
(471, 3, 101, 'April', '2000', 202, 202, 191, 0, 0),
(472, 3, 102, 'April', '2000', 333, 333, 318, 0, 0),
(473, 3, 103, 'April', '2000', 516, 516, 500, 0, 0),
(474, 3, 104, 'April', '2000', 873, 873, 863, 1000, 0),
(475, 3, 105, 'April', '2000', 0, 0, 0, 0, 0),
(476, 3, 106, 'April', '2000', 855, 855, 855, 500, 0),
(477, 3, 107, 'April', '2000', 979, 979, 966, 500, 0),
(478, 3, 108, 'April', '2000', 96, 96, 96, 0, 0),
(479, 3, 109, 'April', '2000', 0, 0, 0, 0, 0),
(480, 3, 110, 'April', '2000', 253, 353, 27, 1000, 0),
(481, 8, 101, 'Juli', '2018', 202, 202, 191, 0, 0),
(482, 8, 102, 'Juli', '2018', 333, 333, 318, 0, 0),
(483, 8, 103, 'Juli', '2018', 516, 516, 500, 0, 0),
(484, 8, 104, 'Juli', '2018', 873, 873, 863, 1000, 0),
(485, 8, 105, 'Juli', '2018', 0, 0, 0, 0, 0),
(486, 8, 106, 'Juli', '2018', 855, 855, 855, 500, 0),
(487, 8, 107, 'Juli', '2018', 979, 979, 966, 500, 0),
(488, 8, 108, 'Juli', '2018', 96, 96, 96, 0, 0),
(489, 8, 109, 'Juli', '2018', 0, 0, 0, 0, 0),
(490, 8, 110, 'Juli', '2018', 253, 353, 27, 1000, 0),
(491, 5, 101, 'Maret', '2000', 202, 202, 191, 0, 0),
(492, 5, 102, 'Maret', '2000', 333, 333, 318, 0, 0),
(493, 5, 103, 'Maret', '2000', 516, 516, 500, 0, 0),
(494, 5, 104, 'Maret', '2000', 873, 873, 863, 1000, 0),
(495, 5, 105, 'Maret', '2000', 0, 0, 0, 0, 0),
(496, 5, 106, 'Maret', '2000', 855, 855, 855, 500, 0),
(497, 5, 107, 'Maret', '2000', 979, 979, 966, 500, 0),
(498, 5, 108, 'Maret', '2000', 96, 96, 96, 0, 0),
(499, 5, 109, 'Maret', '2000', 0, 0, 0, 0, 0),
(500, 5, 110, 'Maret', '2000', 253, 353, 27, 1000, 0),
(501, 8, 101, 'Maret', '2000', 202, 202, 191, 0, 0),
(502, 8, 102, 'Maret', '2000', 333, 333, 318, 0, 0),
(503, 8, 103, 'Maret', '2000', 516, 516, 500, 0, 0),
(504, 8, 104, 'Maret', '2000', 873, 873, 863, 1000, 0),
(505, 8, 105, 'Maret', '2000', 0, 0, 0, 0, 0),
(506, 8, 106, 'Maret', '2000', 855, 855, 855, 500, 0),
(507, 8, 107, 'Maret', '2000', 979, 979, 966, 500, 0),
(508, 8, 108, 'Maret', '2000', 96, 96, 96, 0, 0),
(509, 8, 109, 'Maret', '2000', 0, 0, 0, 0, 0),
(510, 8, 110, 'Maret', '2000', 253, 353, 27, 1000, 0),
(511, 8, 101, 'Juli', '2000', 202, 202, 191, 0, 0),
(512, 8, 102, 'Juli', '2000', 333, 333, 318, 0, 0),
(513, 8, 103, 'Juli', '2000', 516, 516, 500, 0, 0),
(514, 8, 104, 'Juli', '2000', 873, 873, 863, 1000, 0),
(515, 8, 105, 'Juli', '2000', 0, 0, 0, 0, 0),
(516, 8, 106, 'Juli', '2000', 855, 855, 855, 500, 0),
(517, 8, 107, 'Juli', '2000', 979, 979, 966, 500, 0),
(518, 8, 108, 'Juli', '2000', 96, 96, 96, 0, 0),
(519, 8, 109, 'Juli', '2000', 0, 0, 0, 0, 0),
(520, 8, 110, 'Juli', '2000', 253, 353, 27, 1000, 0);

-- --------------------------------------------------------

--
-- Table structure for table `puskesmas`
--

CREATE TABLE `puskesmas` (
  `id_puskesmas` int(5) NOT NULL,
  `nama_puskesmas` varchar(50) NOT NULL,
  `kecamatan` varchar(20) NOT NULL
) ENGINE=InnoDB DEFAULT CHARSET=latin1;

--
-- Dumping data for table `puskesmas`
--

INSERT INTO `puskesmas` (`id_puskesmas`, `nama_puskesmas`, `kecamatan`) VALUES
(1, 'Colomadu1', 'Colomadu'),
(2, 'Colomadu2', 'Colomadu'),
(3, 'Gondangrejo', 'Gondangrejo'),
(4, 'Jaten1', 'Jaten'),
(5, 'Jaten2', 'Jaten'),
(6, 'Jatipuro', 'Jatipuro'),
(7, 'Jatiyoso', 'Jatiyoso'),
(8, 'Jenawi', 'Jenawi'),
(9, 'Jumapolo', 'Jumapolo'),
(10, 'Jumantono', 'Jumantono'),
(11, 'Karanganyar', 'Karanganyar'),
(12, 'Karangpandan', 'Karangpandan'),
(13, 'Kebakkramat1', 'Kebakkramat'),
(14, 'Kebakkramat2', 'Kebakkramat'),
(15, 'Kerjo', 'Kerjo'),
(16, 'Matesih', 'Matesih'),
(17, 'Mojogedang1', 'Mojogedang'),
(18, 'Mojogedang2', 'Mojogedang'),
(19, 'Ngargoyoso', 'Ngargoyoso'),
(20, 'Tasikmadu', 'Tasikmadu'),
(21, 'Tawangmangu', 'Tawangmangu');

--
-- Indexes for dumped tables
--

--
-- Indexes for table `admin`
--
ALTER TABLE `admin`
  ADD PRIMARY KEY (`username`);

--
-- Indexes for table `detail_pemakaian`
--
ALTER TABLE `detail_pemakaian`
  ADD PRIMARY KEY (`id_pakai`);

--
-- Indexes for table `detail_penerimaan`
--
ALTER TABLE `detail_penerimaan`
  ADD PRIMARY KEY (`id_detailpenerimaan`);

--
-- Indexes for table `obat`
--
ALTER TABLE `obat`
  ADD PRIMARY KEY (`kode`);

--
-- Indexes for table `pemakaian`
--
ALTER TABLE `pemakaian`
  ADD PRIMARY KEY (`id_pemakaian`);

--
-- Indexes for table `penerimaan`
--
ALTER TABLE `penerimaan`
  ADD PRIMARY KEY (`id_penerimaan`);

--
-- Indexes for table `persediaan`
--
ALTER TABLE `persediaan`
  ADD PRIMARY KEY (`id_persediaan`);

--
-- Indexes for table `puskesmas`
--
ALTER TABLE `puskesmas`
  ADD PRIMARY KEY (`id_puskesmas`);

--
-- AUTO_INCREMENT for dumped tables
--

--
-- AUTO_INCREMENT for table `detail_pemakaian`
--
ALTER TABLE `detail_pemakaian`
  MODIFY `id_pakai` int(5) NOT NULL AUTO_INCREMENT, AUTO_INCREMENT=521;
--
-- AUTO_INCREMENT for table `detail_penerimaan`
--
ALTER TABLE `detail_penerimaan`
  MODIFY `id_detailpenerimaan` int(11) NOT NULL AUTO_INCREMENT, AUTO_INCREMENT=521;
--
-- AUTO_INCREMENT for table `pemakaian`
--
ALTER TABLE `pemakaian`
  MODIFY `id_pemakaian` int(5) NOT NULL AUTO_INCREMENT, AUTO_INCREMENT=128;
--
-- AUTO_INCREMENT for table `penerimaan`
--
ALTER TABLE `penerimaan`
  MODIFY `id_penerimaan` int(5) NOT NULL AUTO_INCREMENT, AUTO_INCREMENT=128;
--
-- AUTO_INCREMENT for table `persediaan`
--
ALTER TABLE `persediaan`
  MODIFY `id_persediaan` int(5) NOT NULL AUTO_INCREMENT, AUTO_INCREMENT=521;
--
-- AUTO_INCREMENT for table `puskesmas`
--
ALTER TABLE `puskesmas`
  MODIFY `id_puskesmas` int(5) NOT NULL AUTO_INCREMENT, AUTO_INCREMENT=22;
/*!40101 SET CHARACTER_SET_CLIENT=@OLD_CHARACTER_SET_CLIENT */;
/*!40101 SET CHARACTER_SET_RESULTS=@OLD_CHARACTER_SET_RESULTS */;
/*!40101 SET COLLATION_CONNECTION=@OLD_COLLATION_CONNECTION */;
